"","year","team","position","overall"
"1",2011,"arizona_cardinals","C",80
"2",2011,"arizona_cardinals","C",73
"3",2011,"arizona_cardinals","CB",86
"4",2011,"arizona_cardinals","CB",83
"5",2011,"arizona_cardinals","CB",82
"6",2011,"arizona_cardinals","CB",69
"7",2011,"arizona_cardinals","CB",66
"8",2011,"arizona_cardinals","DT",93
"9",2011,"arizona_cardinals","DT",80
"10",2011,"arizona_cardinals","DT",79
"11",2011,"arizona_cardinals","FB",88
"12",2011,"arizona_cardinals","FS",89
"13",2011,"arizona_cardinals","FS",78
"14",2011,"arizona_cardinals","HB",92
"15",2011,"arizona_cardinals","HB",76
"16",2011,"arizona_cardinals","HB",73
"17",2011,"arizona_cardinals","HB",71
"18",2011,"arizona_cardinals","K",82
"19",2011,"arizona_cardinals","LE",83
"20",2011,"arizona_cardinals","LE",79
"21",2011,"arizona_cardinals","LG",85
"22",2011,"arizona_cardinals","LG",66
"23",2011,"arizona_cardinals","LOLB",82
"24",2011,"arizona_cardinals","LOLB",75
"25",2011,"arizona_cardinals","LT",86
"26",2011,"arizona_cardinals","LT",65
"27",2011,"arizona_cardinals","MLB",86
"28",2011,"arizona_cardinals","MLB",85
"29",2011,"arizona_cardinals","MLB",75
"30",2011,"arizona_cardinals","MLB",74
"31",2011,"arizona_cardinals","P",73
"32",2011,"arizona_cardinals","QB",85
"33",2011,"arizona_cardinals","QB",85
"34",2011,"arizona_cardinals","QB",69
"35",2011,"arizona_cardinals","RE",76
"36",2011,"arizona_cardinals","RE",74
"37",2011,"arizona_cardinals","RG",79
"38",2011,"arizona_cardinals","RG",74
"39",2011,"arizona_cardinals","ROLB",85
"40",2011,"arizona_cardinals","ROLB",85
"41",2011,"arizona_cardinals","RT",85
"42",2011,"arizona_cardinals","RT",66
"43",2011,"arizona_cardinals","SS",96
"44",2011,"arizona_cardinals","SS",70
"45",2011,"arizona_cardinals","TE",78
"46",2011,"arizona_cardinals","TE",76
"47",2011,"arizona_cardinals","TE",73
"48",2011,"arizona_cardinals","TE",72
"49",2011,"arizona_cardinals","WR",97
"50",2011,"arizona_cardinals","WR",95
"51",2011,"arizona_cardinals","WR",77
"52",2011,"arizona_cardinals","WR",74
"53",2011,"arizona_cardinals","WR",71
"54",2011,"atlanta_falcons","C",82
"55",2011,"atlanta_falcons","C",75
"56",2011,"atlanta_falcons","CB",79
"57",2011,"atlanta_falcons","CB",78
"58",2011,"atlanta_falcons","CB",77
"59",2011,"atlanta_falcons","CB",76
"60",2011,"atlanta_falcons","CB",68
"61",2011,"atlanta_falcons","DT",82
"62",2011,"atlanta_falcons","DT",78
"63",2011,"atlanta_falcons","DT",77
"64",2011,"atlanta_falcons","DT",73
"65",2011,"atlanta_falcons","DT",72
"66",2011,"atlanta_falcons","FB",90
"67",2011,"atlanta_falcons","FS",80
"68",2011,"atlanta_falcons","FS",77
"69",2011,"atlanta_falcons","FS",75
"70",2011,"atlanta_falcons","HB",88
"71",2011,"atlanta_falcons","HB",82
"72",2011,"atlanta_falcons","HB",75
"73",2011,"atlanta_falcons","HB",73
"74",2011,"atlanta_falcons","K",90
"75",2011,"atlanta_falcons","LE",83
"76",2011,"atlanta_falcons","LE",70
"77",2011,"atlanta_falcons","LG",77
"78",2011,"atlanta_falcons","LG",75
"79",2011,"atlanta_falcons","LOLB",87
"80",2011,"atlanta_falcons","LOLB",76
"81",2011,"atlanta_falcons","LT",78
"82",2011,"atlanta_falcons","LT",69
"83",2011,"atlanta_falcons","MLB",81
"84",2011,"atlanta_falcons","MLB",65
"85",2011,"atlanta_falcons","P",77
"86",2011,"atlanta_falcons","QB",83
"87",2011,"atlanta_falcons","QB",82
"88",2011,"atlanta_falcons","QB",79
"89",2011,"atlanta_falcons","RE",92
"90",2011,"atlanta_falcons","RE",76
"91",2011,"atlanta_falcons","RE",76
"92",2011,"atlanta_falcons","RG",85
"93",2011,"atlanta_falcons","RG",72
"94",2011,"atlanta_falcons","ROLB",89
"95",2011,"atlanta_falcons","ROLB",74
"96",2011,"atlanta_falcons","RT",84
"97",2011,"atlanta_falcons","RT",75
"98",2011,"atlanta_falcons","SS",82
"99",2011,"atlanta_falcons","SS",74
"100",2011,"atlanta_falcons","TE",68
"101",2011,"atlanta_falcons","TE",66
"102",2011,"atlanta_falcons","WR",89
"103",2011,"atlanta_falcons","WR",80
"104",2011,"atlanta_falcons","WR",79
"105",2011,"atlanta_falcons","WR",79
"106",2011,"atlanta_falcons","WR",79
"107",2011,"atlanta_falcons","WR",71
"108",2011,"baltimore_ravens","C",84
"109",2011,"baltimore_ravens","C",72
"110",2011,"baltimore_ravens","CB",94
"111",2011,"baltimore_ravens","CB",84
"112",2011,"baltimore_ravens","CB",77
"113",2011,"baltimore_ravens","CB",76
"114",2011,"baltimore_ravens","CB",68
"115",2011,"baltimore_ravens","DT",88
"116",2011,"baltimore_ravens","DT",78
"117",2011,"baltimore_ravens","DT",66
"118",2011,"baltimore_ravens","FB",86
"119",2011,"baltimore_ravens","FS",98
"120",2011,"baltimore_ravens","FS",72
"121",2011,"baltimore_ravens","HB",91
"122",2011,"baltimore_ravens","HB",80
"123",2011,"baltimore_ravens","HB",77
"124",2011,"baltimore_ravens","K",95
"125",2011,"baltimore_ravens","LE",90
"126",2011,"baltimore_ravens","LE",82
"127",2011,"baltimore_ravens","LG",93
"128",2011,"baltimore_ravens","LG",73
"129",2011,"baltimore_ravens","LOLB",84
"130",2011,"baltimore_ravens","LOLB",81
"131",2011,"baltimore_ravens","LOLB",73
"132",2011,"baltimore_ravens","LT",79
"133",2011,"baltimore_ravens","LT",78
"134",2011,"baltimore_ravens","MLB",94
"135",2011,"baltimore_ravens","MLB",90
"136",2011,"baltimore_ravens","MLB",77
"137",2011,"baltimore_ravens","MLB",70
"138",2011,"baltimore_ravens","P",80
"139",2011,"baltimore_ravens","QB",79
"140",2011,"baltimore_ravens","QB",78
"141",2011,"baltimore_ravens","QB",73
"142",2011,"baltimore_ravens","RE",91
"143",2011,"baltimore_ravens","RE",68
"144",2011,"baltimore_ravens","RG",88
"145",2011,"baltimore_ravens","RG",70
"146",2011,"baltimore_ravens","ROLB",88
"147",2011,"baltimore_ravens","ROLB",77
"148",2011,"baltimore_ravens","ROLB",68
"149",2011,"baltimore_ravens","RT",79
"150",2011,"baltimore_ravens","RT",71
"151",2011,"baltimore_ravens","SS",88
"152",2011,"baltimore_ravens","SS",74
"153",2011,"baltimore_ravens","TE",91
"154",2011,"baltimore_ravens","TE",76
"155",2011,"baltimore_ravens","TE",73
"156",2011,"baltimore_ravens","WR",87
"157",2011,"baltimore_ravens","WR",85
"158",2011,"baltimore_ravens","WR",78
"159",2011,"baltimore_ravens","WR",70
"160",2011,"baltimore_ravens","WR",68
"161",2011,"baltimore_ravens","WR",66
"162",2011,"buffalo_bills","C",83
"163",2011,"buffalo_bills","C",75
"164",2011,"buffalo_bills","CB",93
"165",2011,"buffalo_bills","CB",82
"166",2011,"buffalo_bills","CB",82
"167",2011,"buffalo_bills","CB",77
"168",2011,"buffalo_bills","CB",74
"169",2011,"buffalo_bills","CB",71
"170",2011,"buffalo_bills","DT",94
"171",2011,"buffalo_bills","DT",84
"172",2011,"buffalo_bills","DT",83
"173",2011,"buffalo_bills","DT",82
"174",2011,"buffalo_bills","DT",71
"175",2011,"buffalo_bills","FB",78
"176",2011,"buffalo_bills","FS",83
"177",2011,"buffalo_bills","FS",83
"178",2011,"buffalo_bills","FS",79
"179",2011,"buffalo_bills","HB",90
"180",2011,"buffalo_bills","HB",79
"181",2011,"buffalo_bills","HB",74
"182",2011,"buffalo_bills","HB",72
"183",2011,"buffalo_bills","K",92
"184",2011,"buffalo_bills","LE",83
"185",2011,"buffalo_bills","LE",79
"186",2011,"buffalo_bills","LG",91
"187",2011,"buffalo_bills","LG",72
"188",2011,"buffalo_bills","LOLB",90
"189",2011,"buffalo_bills","LT",97
"190",2011,"buffalo_bills","LT",71
"191",2011,"buffalo_bills","LT",54
"192",2011,"buffalo_bills","MLB",82
"193",2011,"buffalo_bills","MLB",82
"194",2011,"buffalo_bills","P",89
"195",2011,"buffalo_bills","QB",79
"196",2011,"buffalo_bills","QB",79
"197",2011,"buffalo_bills","RE",92
"198",2011,"buffalo_bills","RE",75
"199",2011,"buffalo_bills","RG",83
"200",2011,"buffalo_bills","RG",78
"201",2011,"buffalo_bills","ROLB",87
"202",2011,"buffalo_bills","ROLB",79
"203",2011,"buffalo_bills","ROLB",72
"204",2011,"buffalo_bills","RT",86
"205",2011,"buffalo_bills","RT",69
"206",2011,"buffalo_bills","SS",92
"207",2011,"buffalo_bills","SS",72
"208",2011,"buffalo_bills","TE",78
"209",2011,"buffalo_bills","TE",72
"210",2011,"buffalo_bills","TE",70
"211",2011,"buffalo_bills","WR",91
"212",2011,"buffalo_bills","WR",79
"213",2011,"buffalo_bills","WR",78
"214",2011,"buffalo_bills","WR",77
"215",2011,"buffalo_bills","WR",71
"216",2011,"carolina_panthers","C",82
"217",2011,"carolina_panthers","C",75
"218",2011,"carolina_panthers","CB",88
"219",2011,"carolina_panthers","CB",88
"220",2011,"carolina_panthers","CB",83
"221",2011,"carolina_panthers","CB",70
"222",2011,"carolina_panthers","CB",69
"223",2011,"carolina_panthers","DT",83
"224",2011,"carolina_panthers","DT",78
"225",2011,"carolina_panthers","DT",77
"226",2011,"carolina_panthers","DT",72
"227",2011,"carolina_panthers","FB",87
"228",2011,"carolina_panthers","FS",77
"229",2011,"carolina_panthers","FS",77
"230",2011,"carolina_panthers","FS",76
"231",2011,"carolina_panthers","HB",85
"232",2011,"carolina_panthers","HB",83
"233",2011,"carolina_panthers","HB",76
"234",2011,"carolina_panthers","HB",73
"235",2011,"carolina_panthers","K",92
"236",2011,"carolina_panthers","LE",78
"237",2011,"carolina_panthers","LE",77
"238",2011,"carolina_panthers","LG",88
"239",2011,"carolina_panthers","LG",79
"240",2011,"carolina_panthers","LG",70
"241",2011,"carolina_panthers","LOLB",87
"242",2011,"carolina_panthers","LOLB",73
"243",2011,"carolina_panthers","LT",90
"244",2011,"carolina_panthers","LT",73
"245",2011,"carolina_panthers","MLB",93
"246",2011,"carolina_panthers","MLB",76
"247",2011,"carolina_panthers","P",82
"248",2011,"carolina_panthers","QB",85
"249",2011,"carolina_panthers","QB",79
"250",2011,"carolina_panthers","RE",96
"251",2011,"carolina_panthers","RE",76
"252",2011,"carolina_panthers","RG",82
"253",2011,"carolina_panthers","RG",77
"254",2011,"carolina_panthers","RG",76
"255",2011,"carolina_panthers","ROLB",84
"256",2011,"carolina_panthers","ROLB",80
"257",2011,"carolina_panthers","RT",78
"258",2011,"carolina_panthers","RT",67
"259",2011,"carolina_panthers","SS",84
"260",2011,"carolina_panthers","SS",68
"261",2011,"carolina_panthers","TE",78
"262",2011,"carolina_panthers","TE",75
"263",2011,"carolina_panthers","TE",70
"264",2011,"carolina_panthers","WR",98
"265",2011,"carolina_panthers","WR",86
"266",2011,"carolina_panthers","WR",84
"267",2011,"carolina_panthers","WR",76
"268",2011,"carolina_panthers","WR",75
"269",2011,"carolina_panthers","WR",72
"270",2011,"chicago_bears","C",93
"271",2011,"chicago_bears","C",67
"272",2011,"chicago_bears","CB",91
"273",2011,"chicago_bears","CB",91
"274",2011,"chicago_bears","CB",78
"275",2011,"chicago_bears","CB",78
"276",2011,"chicago_bears","CB",76
"277",2011,"chicago_bears","CB",71
"278",2011,"chicago_bears","DT",96
"279",2011,"chicago_bears","DT",79
"280",2011,"chicago_bears","DT",78
"281",2011,"chicago_bears","DT",77
"282",2011,"chicago_bears","DT",77
"283",2011,"chicago_bears","FB",84
"284",2011,"chicago_bears","FS",87
"285",2011,"chicago_bears","FS",73
"286",2011,"chicago_bears","HB",80
"287",2011,"chicago_bears","HB",80
"288",2011,"chicago_bears","HB",78
"289",2011,"chicago_bears","HB",72
"290",2011,"chicago_bears","K",93
"291",2011,"chicago_bears","LE",89
"292",2011,"chicago_bears","LE",76
"293",2011,"chicago_bears","LG",78
"294",2011,"chicago_bears","LG",78
"295",2011,"chicago_bears","LOLB",79
"296",2011,"chicago_bears","LOLB",70
"297",2011,"chicago_bears","LT",79
"298",2011,"chicago_bears","LT",73
"299",2011,"chicago_bears","MLB",98
"300",2011,"chicago_bears","MLB",69
"301",2011,"chicago_bears","P",82
"302",2011,"chicago_bears","QB",79
"303",2011,"chicago_bears","QB",76
"304",2011,"chicago_bears","RE",85
"305",2011,"chicago_bears","RE",84
"306",2011,"chicago_bears","RE",76
"307",2011,"chicago_bears","RG",85
"308",2011,"chicago_bears","RG",68
"309",2011,"chicago_bears","ROLB",95
"310",2011,"chicago_bears","ROLB",73
"311",2011,"chicago_bears","RT",85
"312",2011,"chicago_bears","RT",70
"313",2011,"chicago_bears","SS",83
"314",2011,"chicago_bears","SS",73
"315",2011,"chicago_bears","TE",86
"316",2011,"chicago_bears","TE",85
"317",2011,"chicago_bears","TE",72
"318",2011,"chicago_bears","WR",82
"319",2011,"chicago_bears","WR",81
"320",2011,"chicago_bears","WR",79
"321",2011,"chicago_bears","WR",77
"322",2011,"chicago_bears","WR",74
"323",2011,"chicago_bears","WR",73
"324",2011,"cincinnati_bengals","C",79
"325",2011,"cincinnati_bengals","C",68
"326",2011,"cincinnati_bengals","CB",84
"327",2011,"cincinnati_bengals","CB",83
"328",2011,"cincinnati_bengals","CB",80
"329",2011,"cincinnati_bengals","CB",67
"330",2011,"cincinnati_bengals","CB",67
"331",2011,"cincinnati_bengals","DT",83
"332",2011,"cincinnati_bengals","DT",83
"333",2011,"cincinnati_bengals","DT",76
"334",2011,"cincinnati_bengals","DT",71
"335",2011,"cincinnati_bengals","DT",71
"336",2011,"cincinnati_bengals","FB",87
"337",2011,"cincinnati_bengals","FS",76
"338",2011,"cincinnati_bengals","FS",72
"339",2011,"cincinnati_bengals","HB",84
"340",2011,"cincinnati_bengals","HB",82
"341",2011,"cincinnati_bengals","HB",80
"342",2011,"cincinnati_bengals","HB",78
"343",2011,"cincinnati_bengals","K",90
"344",2011,"cincinnati_bengals","LE",84
"345",2011,"cincinnati_bengals","LE",73
"346",2011,"cincinnati_bengals","LG",83
"347",2011,"cincinnati_bengals","LG",82
"348",2011,"cincinnati_bengals","LOLB",78
"349",2011,"cincinnati_bengals","LOLB",74
"350",2011,"cincinnati_bengals","LT",88
"351",2011,"cincinnati_bengals","LT",73
"352",2011,"cincinnati_bengals","MLB",78
"353",2011,"cincinnati_bengals","MLB",77
"354",2011,"cincinnati_bengals","P",82
"355",2011,"cincinnati_bengals","QB",96
"356",2011,"cincinnati_bengals","QB",75
"357",2011,"cincinnati_bengals","QB",70
"358",2011,"cincinnati_bengals","RE",83
"359",2011,"cincinnati_bengals","RE",74
"360",2011,"cincinnati_bengals","RE",71
"361",2011,"cincinnati_bengals","RG",86
"362",2011,"cincinnati_bengals","RG",62
"363",2011,"cincinnati_bengals","ROLB",82
"364",2011,"cincinnati_bengals","ROLB",67
"365",2011,"cincinnati_bengals","RT",92
"366",2011,"cincinnati_bengals","RT",75
"367",2011,"cincinnati_bengals","SS",80
"368",2011,"cincinnati_bengals","SS",79
"369",2011,"cincinnati_bengals","TE",81
"370",2011,"cincinnati_bengals","TE",81
"371",2011,"cincinnati_bengals","WR",97
"372",2011,"cincinnati_bengals","WR",95
"373",2011,"cincinnati_bengals","WR",77
"374",2011,"cincinnati_bengals","WR",76
"375",2011,"cincinnati_bengals","WR",73
"376",2011,"cincinnati_bengals","WR",71
"377",2011,"cincinnati_bengals","WR",70
"378",2011,"cleveland_browns","C",89
"379",2011,"cleveland_browns","C",82
"380",2011,"cleveland_browns","CB",84
"381",2011,"cleveland_browns","CB",82
"382",2011,"cleveland_browns","CB",78
"383",2011,"cleveland_browns","CB",68
"384",2011,"cleveland_browns","CB",68
"385",2011,"cleveland_browns","DT",94
"386",2011,"cleveland_browns","DT",72
"387",2011,"cleveland_browns","DT",70
"388",2011,"cleveland_browns","FB",92
"389",2011,"cleveland_browns","FS",84
"390",2011,"cleveland_browns","FS",84
"391",2011,"cleveland_browns","FS",75
"392",2011,"cleveland_browns","HB",90
"393",2011,"cleveland_browns","HB",77
"394",2011,"cleveland_browns","HB",77
"395",2011,"cleveland_browns","K",91
"396",2011,"cleveland_browns","LE",90
"397",2011,"cleveland_browns","LE",85
"398",2011,"cleveland_browns","LG",95
"399",2011,"cleveland_browns","LG",79
"400",2011,"cleveland_browns","LOLB",85
"401",2011,"cleveland_browns","LOLB",78
"402",2011,"cleveland_browns","LT",97
"403",2011,"cleveland_browns","MLB",85
"404",2011,"cleveland_browns","MLB",84
"405",2011,"cleveland_browns","MLB",83
"406",2011,"cleveland_browns","MLB",69
"407",2011,"cleveland_browns","P",81
"408",2011,"cleveland_browns","QB",87
"409",2011,"cleveland_browns","QB",82
"410",2011,"cleveland_browns","QB",71
"411",2011,"cleveland_browns","RE",87
"412",2011,"cleveland_browns","RE",68
"413",2011,"cleveland_browns","RG",90
"414",2011,"cleveland_browns","RG",77
"415",2011,"cleveland_browns","ROLB",88
"416",2011,"cleveland_browns","ROLB",70
"417",2011,"cleveland_browns","RT",89
"418",2011,"cleveland_browns","RT",84
"419",2011,"cleveland_browns","RT",69
"420",2011,"cleveland_browns","SS",87
"421",2011,"cleveland_browns","SS",68
"422",2011,"cleveland_browns","SS",65
"423",2011,"cleveland_browns","TE",97
"424",2011,"cleveland_browns","TE",79
"425",2011,"cleveland_browns","TE",76
"426",2011,"cleveland_browns","WR",95
"427",2011,"cleveland_browns","WR",85
"428",2011,"cleveland_browns","WR",83
"429",2011,"cleveland_browns","WR",73
"430",2011,"cleveland_browns","WR",71
"431",2011,"cleveland_browns","WR",67
"432",2011,"dallas_cowboys","C",94
"433",2011,"dallas_cowboys","C",70
"434",2011,"dallas_cowboys","CB",95
"435",2011,"dallas_cowboys","CB",88
"436",2011,"dallas_cowboys","CB",82
"437",2011,"dallas_cowboys","CB",73
"438",2011,"dallas_cowboys","CB",72
"439",2011,"dallas_cowboys","CB",67
"440",2011,"dallas_cowboys","DT",84
"441",2011,"dallas_cowboys","DT",80
"442",2011,"dallas_cowboys","DT",68
"443",2011,"dallas_cowboys","FB",83
"444",2011,"dallas_cowboys","FS",90
"445",2011,"dallas_cowboys","FS",67
"446",2011,"dallas_cowboys","HB",93
"447",2011,"dallas_cowboys","HB",80
"448",2011,"dallas_cowboys","HB",77
"449",2011,"dallas_cowboys","K",89
"450",2011,"dallas_cowboys","LE",82
"451",2011,"dallas_cowboys","LE",71
"452",2011,"dallas_cowboys","LG",89
"453",2011,"dallas_cowboys","LG",77
"454",2011,"dallas_cowboys","LOLB",89
"455",2011,"dallas_cowboys","LOLB",80
"456",2011,"dallas_cowboys","LOLB",68
"457",2011,"dallas_cowboys","LT",94
"458",2011,"dallas_cowboys","LT",78
"459",2011,"dallas_cowboys","MLB",94
"460",2011,"dallas_cowboys","MLB",87
"461",2011,"dallas_cowboys","MLB",82
"462",2011,"dallas_cowboys","P",95
"463",2011,"dallas_cowboys","QB",94
"464",2011,"dallas_cowboys","QB",78
"465",2011,"dallas_cowboys","RE",84
"466",2011,"dallas_cowboys","RE",67
"467",2011,"dallas_cowboys","RG",97
"468",2011,"dallas_cowboys","RG",68
"469",2011,"dallas_cowboys","ROLB",98
"470",2011,"dallas_cowboys","ROLB",80
"471",2011,"dallas_cowboys","ROLB",69
"472",2011,"dallas_cowboys","RT",88
"473",2011,"dallas_cowboys","RT",77
"474",2011,"dallas_cowboys","SS",88
"475",2011,"dallas_cowboys","SS",76
"476",2011,"dallas_cowboys","TE",97
"477",2011,"dallas_cowboys","TE",80
"478",2011,"dallas_cowboys","TE",73
"479",2011,"dallas_cowboys","WR",98
"480",2011,"dallas_cowboys","WR",86
"481",2011,"dallas_cowboys","WR",82
"482",2011,"dallas_cowboys","WR",73
"483",2011,"dallas_cowboys","WR",69
"484",2011,"dallas_cowboys","WR",66
"485",2011,"denver_broncos","C",89
"486",2011,"denver_broncos","C",85
"487",2011,"denver_broncos","CB",97
"488",2011,"denver_broncos","CB",89
"489",2011,"denver_broncos","CB",78
"490",2011,"denver_broncos","CB",76
"491",2011,"denver_broncos","CB",76
"492",2011,"denver_broncos","DT",84
"493",2011,"denver_broncos","DT",79
"494",2011,"denver_broncos","DT",78
"495",2011,"denver_broncos","DT",70
"496",2011,"denver_broncos","FB",79
"497",2011,"denver_broncos","FB",78
"498",2011,"denver_broncos","FS",79
"499",2011,"denver_broncos","FS",74
"500",2011,"denver_broncos","FS",73
"501",2011,"denver_broncos","HB",84
"502",2011,"denver_broncos","HB",81
"503",2011,"denver_broncos","HB",75
"504",2011,"denver_broncos","HB",71
"505",2011,"denver_broncos","K",70
"506",2011,"denver_broncos","LE",81
"507",2011,"denver_broncos","LE",81
"508",2011,"denver_broncos","LE",80
"509",2011,"denver_broncos","LG",87
"510",2011,"denver_broncos","LG",76
"511",2011,"denver_broncos","LOLB",82
"512",2011,"denver_broncos","LOLB",81
"513",2011,"denver_broncos","LT",79
"514",2011,"denver_broncos","MLB",74
"515",2011,"denver_broncos","MLB",70
"516",2011,"denver_broncos","P",77
"517",2011,"denver_broncos","QB",86
"518",2011,"denver_broncos","QB",79
"519",2011,"denver_broncos","RE",90
"520",2011,"denver_broncos","RE",82
"521",2011,"denver_broncos","RG",79
"522",2011,"denver_broncos","RG",76
"523",2011,"denver_broncos","ROLB",95
"524",2011,"denver_broncos","ROLB",75
"525",2011,"denver_broncos","ROLB",71
"526",2011,"denver_broncos","RT",79
"527",2011,"denver_broncos","RT",79
"528",2011,"denver_broncos","RT",78
"529",2011,"denver_broncos","SS",92
"530",2011,"denver_broncos","SS",83
"531",2011,"denver_broncos","TE",86
"532",2011,"denver_broncos","TE",84
"533",2011,"denver_broncos","WR",93
"534",2011,"denver_broncos","WR",86
"535",2011,"denver_broncos","WR",84
"536",2011,"denver_broncos","WR",77
"537",2011,"denver_broncos","WR",76
"538",2011,"denver_broncos","WR",74
"539",2011,"detroit_lions","C",87
"540",2011,"detroit_lions","C",71
"541",2011,"detroit_lions","CB",90
"542",2011,"detroit_lions","CB",82
"543",2011,"detroit_lions","CB",78
"544",2011,"detroit_lions","CB",76
"545",2011,"detroit_lions","CB",72
"546",2011,"detroit_lions","DT",91
"547",2011,"detroit_lions","DT",83
"548",2011,"detroit_lions","DT",76
"549",2011,"detroit_lions","DT",75
"550",2011,"detroit_lions","FB",78
"551",2011,"detroit_lions","FB",68
"552",2011,"detroit_lions","FS",82
"553",2011,"detroit_lions","FS",80
"554",2011,"detroit_lions","FS",72
"555",2011,"detroit_lions","HB",79
"556",2011,"detroit_lions","HB",78
"557",2011,"detroit_lions","HB",75
"558",2011,"detroit_lions","K",91
"559",2011,"detroit_lions","LE",82
"560",2011,"detroit_lions","LE",76
"561",2011,"detroit_lions","LG",79
"562",2011,"detroit_lions","LG",75
"563",2011,"detroit_lions","LOLB",84
"564",2011,"detroit_lions","LOLB",74
"565",2011,"detroit_lions","LT",84
"566",2011,"detroit_lions","LT",77
"567",2011,"detroit_lions","MLB",78
"568",2011,"detroit_lions","MLB",69
"569",2011,"detroit_lions","P",81
"570",2011,"detroit_lions","QB",84
"571",2011,"detroit_lions","QB",77
"572",2011,"detroit_lions","QB",73
"573",2011,"detroit_lions","RE",86
"574",2011,"detroit_lions","RE",79
"575",2011,"detroit_lions","RE",76
"576",2011,"detroit_lions","RG",80
"577",2011,"detroit_lions","RG",71
"578",2011,"detroit_lions","ROLB",94
"579",2011,"detroit_lions","ROLB",68
"580",2011,"detroit_lions","RT",79
"581",2011,"detroit_lions","RT",74
"582",2011,"detroit_lions","SS",86
"583",2011,"detroit_lions","SS",73
"584",2011,"detroit_lions","SS",69
"585",2011,"detroit_lions","TE",79
"586",2011,"detroit_lions","TE",78
"587",2011,"detroit_lions","TE",74
"588",2011,"detroit_lions","WR",92
"589",2011,"detroit_lions","WR",91
"590",2011,"detroit_lions","WR",87
"591",2011,"detroit_lions","WR",84
"592",2011,"detroit_lions","WR",71
"593",2011,"free_agents","C",85
"594",2011,"free_agents","C",82
"595",2011,"free_agents","C",80
"596",2011,"free_agents","C",79
"597",2011,"free_agents","C",72
"598",2011,"free_agents","C",69
"599",2011,"free_agents","C",68
"600",2011,"free_agents","C",64
"601",2011,"free_agents","CB",86
"602",2011,"free_agents","CB",76
"603",2011,"free_agents","CB",76
"604",2011,"free_agents","CB",73
"605",2011,"free_agents","CB",73
"606",2011,"free_agents","CB",73
"607",2011,"free_agents","CB",70
"608",2011,"free_agents","CB",69
"609",2011,"free_agents","CB",69
"610",2011,"free_agents","CB",69
"611",2011,"free_agents","CB",69
"612",2011,"free_agents","CB",68
"613",2011,"free_agents","CB",68
"614",2011,"free_agents","CB",67
"615",2011,"free_agents","CB",66
"616",2011,"free_agents","CB",66
"617",2011,"free_agents","CB",65
"618",2011,"free_agents","CB",65
"619",2011,"free_agents","CB",65
"620",2011,"free_agents","DT",86
"621",2011,"free_agents","DT",84
"622",2011,"free_agents","DT",83
"623",2011,"free_agents","DT",83
"624",2011,"free_agents","DT",83
"625",2011,"free_agents","DT",80
"626",2011,"free_agents","DT",78
"627",2011,"free_agents","DT",77
"628",2011,"free_agents","DT",76
"629",2011,"free_agents","DT",76
"630",2011,"free_agents","DT",75
"631",2011,"free_agents","DT",74
"632",2011,"free_agents","DT",72
"633",2011,"free_agents","DT",71
"634",2011,"free_agents","DT",70
"635",2011,"free_agents","DT",68
"636",2011,"free_agents","DT",67
"637",2011,"free_agents","DT",65
"638",2011,"free_agents","FB",87
"639",2011,"free_agents","FB",81
"640",2011,"free_agents","FB",78
"641",2011,"free_agents","FB",76
"642",2011,"free_agents","FB",74
"643",2011,"free_agents","FB",74
"644",2011,"free_agents","FB",74
"645",2011,"free_agents","FB",74
"646",2011,"free_agents","FB",73
"647",2011,"free_agents","FB",69
"648",2011,"free_agents","FB",67
"649",2011,"free_agents","FS",78
"650",2011,"free_agents","FS",78
"651",2011,"free_agents","FS",77
"652",2011,"free_agents","FS",76
"653",2011,"free_agents","FS",74
"654",2011,"free_agents","FS",73
"655",2011,"free_agents","FS",73
"656",2011,"free_agents","FS",73
"657",2011,"free_agents","FS",72
"658",2011,"free_agents","FS",72
"659",2011,"free_agents","FS",72
"660",2011,"free_agents","FS",72
"661",2011,"free_agents","FS",72
"662",2011,"free_agents","FS",71
"663",2011,"free_agents","HB",87
"664",2011,"free_agents","HB",84
"665",2011,"free_agents","HB",84
"666",2011,"free_agents","HB",79
"667",2011,"free_agents","HB",77
"668",2011,"free_agents","HB",77
"669",2011,"free_agents","HB",76
"670",2011,"free_agents","HB",75
"671",2011,"free_agents","HB",75
"672",2011,"free_agents","HB",75
"673",2011,"free_agents","HB",74
"674",2011,"free_agents","HB",74
"675",2011,"free_agents","HB",74
"676",2011,"free_agents","HB",73
"677",2011,"free_agents","HB",73
"678",2011,"free_agents","HB",72
"679",2011,"free_agents","HB",72
"680",2011,"free_agents","HB",71
"681",2011,"free_agents","HB",70
"682",2011,"free_agents","HB",69
"683",2011,"free_agents","HB",67
"684",2011,"free_agents","HB",67
"685",2011,"free_agents","K",83
"686",2011,"free_agents","K",76
"687",2011,"free_agents","K",74
"688",2011,"free_agents","K",71
"689",2011,"free_agents","K",68
"690",2011,"free_agents","K",68
"691",2011,"free_agents","LE",78
"692",2011,"free_agents","LE",78
"693",2011,"free_agents","LE",77
"694",2011,"free_agents","LE",72
"695",2011,"free_agents","LE",71
"696",2011,"free_agents","LE",70
"697",2011,"free_agents","LE",70
"698",2011,"free_agents","LE",68
"699",2011,"free_agents","LE",68
"700",2011,"free_agents","LE",67
"701",2011,"free_agents","LE",62
"702",2011,"free_agents","LG",84
"703",2011,"free_agents","LG",79
"704",2011,"free_agents","LG",76
"705",2011,"free_agents","LG",74
"706",2011,"free_agents","LG",73
"707",2011,"free_agents","LG",72
"708",2011,"free_agents","LG",72
"709",2011,"free_agents","LOLB",81
"710",2011,"free_agents","LOLB",80
"711",2011,"free_agents","LOLB",79
"712",2011,"free_agents","LOLB",76
"713",2011,"free_agents","LOLB",74
"714",2011,"free_agents","LOLB",74
"715",2011,"free_agents","LOLB",74
"716",2011,"free_agents","LOLB",74
"717",2011,"free_agents","LOLB",72
"718",2011,"free_agents","LOLB",67
"719",2011,"free_agents","LOLB",64
"720",2011,"free_agents","LOLB",64
"721",2011,"free_agents","LOLB",63
"722",2011,"free_agents","LOLB",63
"723",2011,"free_agents","LOLB",62
"724",2011,"free_agents","LT",84
"725",2011,"free_agents","LT",83
"726",2011,"free_agents","LT",80
"727",2011,"free_agents","LT",73
"728",2011,"free_agents","LT",71
"729",2011,"free_agents","LT",70
"730",2011,"free_agents","LT",70
"731",2011,"free_agents","MLB",83
"732",2011,"free_agents","MLB",82
"733",2011,"free_agents","MLB",78
"734",2011,"free_agents","MLB",74
"735",2011,"free_agents","MLB",68
"736",2011,"free_agents","MLB",67
"737",2011,"free_agents","MLB",66
"738",2011,"free_agents","MLB",66
"739",2011,"free_agents","MLB",63
"740",2011,"free_agents","P",83
"741",2011,"free_agents","P",83
"742",2011,"free_agents","P",77
"743",2011,"free_agents","P",75
"744",2011,"free_agents","P",70
"745",2011,"free_agents","P",69
"746",2011,"free_agents","P",68
"747",2011,"free_agents","QB",80
"748",2011,"free_agents","QB",78
"749",2011,"free_agents","QB",77
"750",2011,"free_agents","QB",76
"751",2011,"free_agents","QB",76
"752",2011,"free_agents","QB",75
"753",2011,"free_agents","QB",75
"754",2011,"free_agents","QB",74
"755",2011,"free_agents","QB",73
"756",2011,"free_agents","QB",73
"757",2011,"free_agents","QB",72
"758",2011,"free_agents","QB",72
"759",2011,"free_agents","QB",70
"760",2011,"free_agents","QB",69
"761",2011,"free_agents","QB",69
"762",2011,"free_agents","QB",69
"763",2011,"free_agents","QB",68
"764",2011,"free_agents","QB",68
"765",2011,"free_agents","QB",66
"766",2011,"free_agents","RE",80
"767",2011,"free_agents","RE",79
"768",2011,"free_agents","RE",78
"769",2011,"free_agents","RE",74
"770",2011,"free_agents","RE",73
"771",2011,"free_agents","RE",72
"772",2011,"free_agents","RE",72
"773",2011,"free_agents","RE",70
"774",2011,"free_agents","RE",69
"775",2011,"free_agents","RE",68
"776",2011,"free_agents","RE",67
"777",2011,"free_agents","RE",66
"778",2011,"free_agents","RE",66
"779",2011,"free_agents","RG",88
"780",2011,"free_agents","RG",78
"781",2011,"free_agents","RG",73
"782",2011,"free_agents","RG",71
"783",2011,"free_agents","RG",70
"784",2011,"free_agents","RG",69
"785",2011,"free_agents","RG",68
"786",2011,"free_agents","ROLB",87
"787",2011,"free_agents","ROLB",87
"788",2011,"free_agents","ROLB",86
"789",2011,"free_agents","ROLB",73
"790",2011,"free_agents","ROLB",73
"791",2011,"free_agents","ROLB",72
"792",2011,"free_agents","ROLB",71
"793",2011,"free_agents","ROLB",70
"794",2011,"free_agents","ROLB",69
"795",2011,"free_agents","ROLB",67
"796",2011,"free_agents","ROLB",66
"797",2011,"free_agents","ROLB",65
"798",2011,"free_agents","ROLB",61
"799",2011,"free_agents","RT",85
"800",2011,"free_agents","RT",81
"801",2011,"free_agents","RT",79
"802",2011,"free_agents","RT",79
"803",2011,"free_agents","RT",76
"804",2011,"free_agents","RT",74
"805",2011,"free_agents","RT",71
"806",2011,"free_agents","RT",67
"807",2011,"free_agents","RT",65
"808",2011,"free_agents","RT",65
"809",2011,"free_agents","RT",64
"810",2011,"free_agents","SS",82
"811",2011,"free_agents","SS",80
"812",2011,"free_agents","SS",79
"813",2011,"free_agents","SS",79
"814",2011,"free_agents","SS",76
"815",2011,"free_agents","SS",74
"816",2011,"free_agents","SS",73
"817",2011,"free_agents","SS",72
"818",2011,"free_agents","SS",71
"819",2011,"free_agents","SS",70
"820",2011,"free_agents","SS",69
"821",2011,"free_agents","TE",79
"822",2011,"free_agents","TE",79
"823",2011,"free_agents","TE",77
"824",2011,"free_agents","TE",76
"825",2011,"free_agents","TE",74
"826",2011,"free_agents","TE",73
"827",2011,"free_agents","TE",73
"828",2011,"free_agents","TE",72
"829",2011,"free_agents","TE",72
"830",2011,"free_agents","TE",72
"831",2011,"free_agents","TE",71
"832",2011,"free_agents","TE",70
"833",2011,"free_agents","TE",70
"834",2011,"free_agents","TE",69
"835",2011,"free_agents","TE",69
"836",2011,"free_agents","TE",69
"837",2011,"free_agents","TE",69
"838",2011,"free_agents","TE",68
"839",2011,"free_agents","WR",83
"840",2011,"free_agents","WR",82
"841",2011,"free_agents","WR",80
"842",2011,"free_agents","WR",79
"843",2011,"free_agents","WR",77
"844",2011,"free_agents","WR",77
"845",2011,"free_agents","WR",75
"846",2011,"free_agents","WR",74
"847",2011,"free_agents","WR",73
"848",2011,"free_agents","WR",73
"849",2011,"free_agents","WR",73
"850",2011,"free_agents","WR",73
"851",2011,"free_agents","WR",72
"852",2011,"free_agents","WR",72
"853",2011,"free_agents","WR",71
"854",2011,"free_agents","WR",70
"855",2011,"free_agents","WR",68
"856",2011,"free_agents","WR",67
"857",2011,"free_agents","WR",63
"858",2011,"free_agents","WR",62
"859",2011,"green_bay_packers","C",86
"860",2011,"green_bay_packers","C",72
"861",2011,"green_bay_packers","CB",93
"862",2011,"green_bay_packers","CB",92
"863",2011,"green_bay_packers","CB",76
"864",2011,"green_bay_packers","CB",76
"865",2011,"green_bay_packers","CB",75
"866",2011,"green_bay_packers","CB",70
"867",2011,"green_bay_packers","DT",86
"868",2011,"green_bay_packers","DT",82
"869",2011,"green_bay_packers","DT",77
"870",2011,"green_bay_packers","DT",76
"871",2011,"green_bay_packers","FB",86
"872",2011,"green_bay_packers","FB",85
"873",2011,"green_bay_packers","FS",86
"874",2011,"green_bay_packers","FS",77
"875",2011,"green_bay_packers","HB",87
"876",2011,"green_bay_packers","HB",81
"877",2011,"green_bay_packers","HB",77
"878",2011,"green_bay_packers","K",88
"879",2011,"green_bay_packers","LE",97
"880",2011,"green_bay_packers","LE",76
"881",2011,"green_bay_packers","LE",74
"882",2011,"green_bay_packers","LG",82
"883",2011,"green_bay_packers","LG",77
"884",2011,"green_bay_packers","LOLB",82
"885",2011,"green_bay_packers","LOLB",80
"886",2011,"green_bay_packers","LT",95
"887",2011,"green_bay_packers","LT",68
"888",2011,"green_bay_packers","LT",67
"889",2011,"green_bay_packers","MLB",94
"890",2011,"green_bay_packers","MLB",75
"891",2011,"green_bay_packers","MLB",73
"892",2011,"green_bay_packers","P",80
"893",2011,"green_bay_packers","QB",83
"894",2011,"green_bay_packers","QB",80
"895",2011,"green_bay_packers","QB",72
"896",2011,"green_bay_packers","RE",92
"897",2011,"green_bay_packers","RE",88
"898",2011,"green_bay_packers","RG",87
"899",2011,"green_bay_packers","RG",76
"900",2011,"green_bay_packers","ROLB",94
"901",2011,"green_bay_packers","ROLB",71
"902",2011,"green_bay_packers","RT",94
"903",2011,"green_bay_packers","RT",68
"904",2011,"green_bay_packers","SS",87
"905",2011,"green_bay_packers","SS",67
"906",2011,"green_bay_packers","TE",83
"907",2011,"green_bay_packers","TE",77
"908",2011,"green_bay_packers","WR",93
"909",2011,"green_bay_packers","WR",92
"910",2011,"green_bay_packers","WR",84
"911",2011,"green_bay_packers","WR",78
"912",2011,"green_bay_packers","WR",76
"913",2011,"houston_texans","C",80
"914",2011,"houston_texans","C",71
"915",2011,"houston_texans","CB",87
"916",2011,"houston_texans","CB",82
"917",2011,"houston_texans","CB",77
"918",2011,"houston_texans","CB",74
"919",2011,"houston_texans","CB",73
"920",2011,"houston_texans","DT",92
"921",2011,"houston_texans","DT",76
"922",2011,"houston_texans","DT",75
"923",2011,"houston_texans","DT",72
"924",2011,"houston_texans","FB",81
"925",2011,"houston_texans","FS",82
"926",2011,"houston_texans","FS",75
"927",2011,"houston_texans","HB",82
"928",2011,"houston_texans","HB",79
"929",2011,"houston_texans","HB",76
"930",2011,"houston_texans","HB",72
"931",2011,"houston_texans","K",88
"932",2011,"houston_texans","LE",80
"933",2011,"houston_texans","LE",71
"934",2011,"houston_texans","LG",83
"935",2011,"houston_texans","LG",73
"936",2011,"houston_texans","LOLB",74
"937",2011,"houston_texans","LOLB",74
"938",2011,"houston_texans","LOLB",73
"939",2011,"houston_texans","LT",78
"940",2011,"houston_texans","LT",76
"941",2011,"houston_texans","LT",74
"942",2011,"houston_texans","MLB",95
"943",2011,"houston_texans","MLB",69
"944",2011,"houston_texans","P",77
"945",2011,"houston_texans","QB",85
"946",2011,"houston_texans","QB",79
"947",2011,"houston_texans","QB",76
"948",2011,"houston_texans","RE",97
"949",2011,"houston_texans","RE",78
"950",2011,"houston_texans","RG",77
"951",2011,"houston_texans","RG",77
"952",2011,"houston_texans","RG",73
"953",2011,"houston_texans","ROLB",89
"954",2011,"houston_texans","ROLB",75
"955",2011,"houston_texans","RT",82
"956",2011,"houston_texans","RT",72
"957",2011,"houston_texans","SS",79
"958",2011,"houston_texans","SS",78
"959",2011,"houston_texans","SS",70
"960",2011,"houston_texans","TE",88
"961",2011,"houston_texans","TE",74
"962",2011,"houston_texans","WR",96
"963",2011,"houston_texans","WR",80
"964",2011,"houston_texans","WR",78
"965",2011,"houston_texans","WR",76
"966",2011,"houston_texans","WR",70
"967",2011,"indianapolis_colts","C",96
"968",2011,"indianapolis_colts","C",74
"969",2011,"indianapolis_colts","CB",87
"970",2011,"indianapolis_colts","CB",87
"971",2011,"indianapolis_colts","CB",77
"972",2011,"indianapolis_colts","CB",76
"973",2011,"indianapolis_colts","CB",73
"974",2011,"indianapolis_colts","CB",69
"975",2011,"indianapolis_colts","DT",86
"976",2011,"indianapolis_colts","DT",82
"977",2011,"indianapolis_colts","DT",78
"978",2011,"indianapolis_colts","DT",73
"979",2011,"indianapolis_colts","FB",79
"980",2011,"indianapolis_colts","FS",93
"981",2011,"indianapolis_colts","FS",75
"982",2011,"indianapolis_colts","HB",91
"983",2011,"indianapolis_colts","HB",83
"984",2011,"indianapolis_colts","HB",77
"985",2011,"indianapolis_colts","HB",74
"986",2011,"indianapolis_colts","K",93
"987",2011,"indianapolis_colts","LE",95
"988",2011,"indianapolis_colts","LE",79
"989",2011,"indianapolis_colts","LE",74
"990",2011,"indianapolis_colts","LG",90
"991",2011,"indianapolis_colts","LG",64
"992",2011,"indianapolis_colts","LOLB",81
"993",2011,"indianapolis_colts","LOLB",68
"994",2011,"indianapolis_colts","LT",88
"995",2011,"indianapolis_colts","LT",68
"996",2011,"indianapolis_colts","MLB",91
"997",2011,"indianapolis_colts","MLB",74
"998",2011,"indianapolis_colts","MLB",66
"999",2011,"indianapolis_colts","P",87
"1000",2011,"indianapolis_colts","QB",99
"1001",2011,"indianapolis_colts","QB",73
"1002",2011,"indianapolis_colts","RE",95
"1003",2011,"indianapolis_colts","RE",81
"1004",2011,"indianapolis_colts","RE",74
"1005",2011,"indianapolis_colts","RG",78
"1006",2011,"indianapolis_colts","RG",77
"1007",2011,"indianapolis_colts","ROLB",87
"1008",2011,"indianapolis_colts","ROLB",70
"1009",2011,"indianapolis_colts","RT",93
"1010",2011,"indianapolis_colts","RT",67
"1011",2011,"indianapolis_colts","SS",99
"1012",2011,"indianapolis_colts","SS",76
"1013",2011,"indianapolis_colts","TE",93
"1014",2011,"indianapolis_colts","TE",75
"1015",2011,"indianapolis_colts","WR",97
"1016",2011,"indianapolis_colts","WR",94
"1017",2011,"indianapolis_colts","WR",80
"1018",2011,"indianapolis_colts","WR",75
"1019",2011,"indianapolis_colts","WR",72
"1020",2011,"indianapolis_colts","WR",70
"1021",2011,"jacksonville_jagaurs","C",93
"1022",2011,"jacksonville_jagaurs","C",68
"1023",2011,"jacksonville_jagaurs","CB",95
"1024",2011,"jacksonville_jagaurs","CB",85
"1025",2011,"jacksonville_jagaurs","CB",75
"1026",2011,"jacksonville_jagaurs","CB",73
"1027",2011,"jacksonville_jagaurs","DT",95
"1028",2011,"jacksonville_jagaurs","DT",86
"1029",2011,"jacksonville_jagaurs","DT",77
"1030",2011,"jacksonville_jagaurs","DT",73
"1031",2011,"jacksonville_jagaurs","FB",91
"1032",2011,"jacksonville_jagaurs","FS",92
"1033",2011,"jacksonville_jagaurs","FS",70
"1034",2011,"jacksonville_jagaurs","HB",94
"1035",2011,"jacksonville_jagaurs","HB",91
"1036",2011,"jacksonville_jagaurs","HB",74
"1037",2011,"jacksonville_jagaurs","K",86
"1038",2011,"jacksonville_jagaurs","LE",87
"1039",2011,"jacksonville_jagaurs","LE",81
"1040",2011,"jacksonville_jagaurs","LE",76
"1041",2011,"jacksonville_jagaurs","LG",94
"1042",2011,"jacksonville_jagaurs","LG",72
"1043",2011,"jacksonville_jagaurs","LOLB",83
"1044",2011,"jacksonville_jagaurs","LOLB",78
"1045",2011,"jacksonville_jagaurs","LOLB",72
"1046",2011,"jacksonville_jagaurs","LT",90
"1047",2011,"jacksonville_jagaurs","LT",72
"1048",2011,"jacksonville_jagaurs","MLB",93
"1049",2011,"jacksonville_jagaurs","MLB",69
"1050",2011,"jacksonville_jagaurs","P",77
"1051",2011,"jacksonville_jagaurs","QB",92
"1052",2011,"jacksonville_jagaurs","QB",77
"1053",2011,"jacksonville_jagaurs","RE",86
"1054",2011,"jacksonville_jagaurs","RE",79
"1055",2011,"jacksonville_jagaurs","RE",69
"1056",2011,"jacksonville_jagaurs","RG",91
"1057",2011,"jacksonville_jagaurs","RG",74
"1058",2011,"jacksonville_jagaurs","ROLB",92
"1059",2011,"jacksonville_jagaurs","ROLB",73
"1060",2011,"jacksonville_jagaurs","RT",87
"1061",2011,"jacksonville_jagaurs","RT",66
"1062",2011,"jacksonville_jagaurs","SS",87
"1063",2011,"jacksonville_jagaurs","SS",79
"1064",2011,"jacksonville_jagaurs","SS",66
"1065",2011,"jacksonville_jagaurs","TE",84
"1066",2011,"jacksonville_jagaurs","TE",80
"1067",2011,"jacksonville_jagaurs","TE",71
"1068",2011,"jacksonville_jagaurs","WR",86
"1069",2011,"jacksonville_jagaurs","WR",83
"1070",2011,"jacksonville_jagaurs","WR",81
"1071",2011,"jacksonville_jagaurs","WR",78
"1072",2011,"jacksonville_jagaurs","WR",77
"1073",2011,"jacksonville_jagaurs","WR",71
"1074",2011,"jacksonville_jagaurs","WR",70
"1075",2011,"kansas_city_chiefs","C",76
"1076",2011,"kansas_city_chiefs","C",73
"1077",2011,"kansas_city_chiefs","CB",89
"1078",2011,"kansas_city_chiefs","CB",79
"1079",2011,"kansas_city_chiefs","CB",70
"1080",2011,"kansas_city_chiefs","CB",69
"1081",2011,"kansas_city_chiefs","CB",67
"1082",2011,"kansas_city_chiefs","CB",63
"1083",2011,"kansas_city_chiefs","DT",84
"1084",2011,"kansas_city_chiefs","DT",83
"1085",2011,"kansas_city_chiefs","DT",78
"1086",2011,"kansas_city_chiefs","FB",78
"1087",2011,"kansas_city_chiefs","FS",85
"1088",2011,"kansas_city_chiefs","FS",71
"1089",2011,"kansas_city_chiefs","HB",94
"1090",2011,"kansas_city_chiefs","HB",79
"1091",2011,"kansas_city_chiefs","HB",75
"1092",2011,"kansas_city_chiefs","K",76
"1093",2011,"kansas_city_chiefs","LE",84
"1094",2011,"kansas_city_chiefs","LE",75
"1095",2011,"kansas_city_chiefs","LG",91
"1096",2011,"kansas_city_chiefs","LG",71
"1097",2011,"kansas_city_chiefs","LOLB",93
"1098",2011,"kansas_city_chiefs","LOLB",70
"1099",2011,"kansas_city_chiefs","LT",81
"1100",2011,"kansas_city_chiefs","LT",75
"1101",2011,"kansas_city_chiefs","LT",64
"1102",2011,"kansas_city_chiefs","MLB",84
"1103",2011,"kansas_city_chiefs","MLB",65
"1104",2011,"kansas_city_chiefs","P",94
"1105",2011,"kansas_city_chiefs","QB",78
"1106",2011,"kansas_city_chiefs","QB",78
"1107",2011,"kansas_city_chiefs","QB",74
"1108",2011,"kansas_city_chiefs","RE",86
"1109",2011,"kansas_city_chiefs","RE",68
"1110",2011,"kansas_city_chiefs","RG",78
"1111",2011,"kansas_city_chiefs","RG",76
"1112",2011,"kansas_city_chiefs","ROLB",93
"1113",2011,"kansas_city_chiefs","ROLB",84
"1114",2011,"kansas_city_chiefs","ROLB",70
"1115",2011,"kansas_city_chiefs","RT",80
"1116",2011,"kansas_city_chiefs","RT",71
"1117",2011,"kansas_city_chiefs","SS",87
"1118",2011,"kansas_city_chiefs","SS",70
"1119",2011,"kansas_city_chiefs","TE",98
"1120",2011,"kansas_city_chiefs","TE",76
"1121",2011,"kansas_city_chiefs","TE",72
"1122",2011,"kansas_city_chiefs","WR",90
"1123",2011,"kansas_city_chiefs","WR",77
"1124",2011,"kansas_city_chiefs","WR",76
"1125",2011,"kansas_city_chiefs","WR",75
"1126",2011,"kansas_city_chiefs","WR",75
"1127",2011,"kansas_city_chiefs","WR",72
"1128",2011,"miami_dolphins","C",88
"1129",2011,"miami_dolphins","C",64
"1130",2011,"miami_dolphins","CB",86
"1131",2011,"miami_dolphins","CB",80
"1132",2011,"miami_dolphins","CB",73
"1133",2011,"miami_dolphins","CB",72
"1134",2011,"miami_dolphins","CB",66
"1135",2011,"miami_dolphins","DT",84
"1136",2011,"miami_dolphins","DT",84
"1137",2011,"miami_dolphins","DT",79
"1138",2011,"miami_dolphins","DT",68
"1139",2011,"miami_dolphins","FB",89
"1140",2011,"miami_dolphins","FS",77
"1141",2011,"miami_dolphins","FS",77
"1142",2011,"miami_dolphins","FS",75
"1143",2011,"miami_dolphins","HB",92
"1144",2011,"miami_dolphins","HB",83
"1145",2011,"miami_dolphins","HB",76
"1146",2011,"miami_dolphins","HB",74
"1147",2011,"miami_dolphins","K",88
"1148",2011,"miami_dolphins","LE",81
"1149",2011,"miami_dolphins","LE",80
"1150",2011,"miami_dolphins","LE",74
"1151",2011,"miami_dolphins","LG",89
"1152",2011,"miami_dolphins","LG",71
"1153",2011,"miami_dolphins","LOLB",78
"1154",2011,"miami_dolphins","LOLB",76
"1155",2011,"miami_dolphins","LT",85
"1156",2011,"miami_dolphins","LT",65
"1157",2011,"miami_dolphins","MLB",85
"1158",2011,"miami_dolphins","MLB",81
"1159",2011,"miami_dolphins","P",76
"1160",2011,"miami_dolphins","QB",79
"1161",2011,"miami_dolphins","QB",78
"1162",2011,"miami_dolphins","QB",77
"1163",2011,"miami_dolphins","RE",98
"1164",2011,"miami_dolphins","RE",67
"1165",2011,"miami_dolphins","RG",77
"1166",2011,"miami_dolphins","RG",76
"1167",2011,"miami_dolphins","ROLB",88
"1168",2011,"miami_dolphins","ROLB",68
"1169",2011,"miami_dolphins","RT",87
"1170",2011,"miami_dolphins","RT",65
"1171",2011,"miami_dolphins","SS",83
"1172",2011,"miami_dolphins","SS",77
"1173",2011,"miami_dolphins","TE",82
"1174",2011,"miami_dolphins","TE",79
"1175",2011,"miami_dolphins","TE",73
"1176",2011,"miami_dolphins","TE",72
"1177",2011,"miami_dolphins","WR",84
"1178",2011,"miami_dolphins","WR",82
"1179",2011,"miami_dolphins","WR",72
"1180",2011,"miami_dolphins","WR",69
"1181",2011,"miami_dolphins","WR",68
"1182",2011,"minnesota_vikings","C",95
"1183",2011,"minnesota_vikings","C",73
"1184",2011,"minnesota_vikings","CB",91
"1185",2011,"minnesota_vikings","CB",83
"1186",2011,"minnesota_vikings","CB",79
"1187",2011,"minnesota_vikings","CB",77
"1188",2011,"minnesota_vikings","CB",77
"1189",2011,"minnesota_vikings","DT",98
"1190",2011,"minnesota_vikings","DT",97
"1191",2011,"minnesota_vikings","DT",76
"1192",2011,"minnesota_vikings","DT",71
"1193",2011,"minnesota_vikings","DT",68
"1194",2011,"minnesota_vikings","FB",85
"1195",2011,"minnesota_vikings","FS",88
"1196",2011,"minnesota_vikings","FS",80
"1197",2011,"minnesota_vikings","HB",95
"1198",2011,"minnesota_vikings","HB",88
"1199",2011,"minnesota_vikings","HB",76
"1200",2011,"minnesota_vikings","K",90
"1201",2011,"minnesota_vikings","LE",83
"1202",2011,"minnesota_vikings","LE",70
"1203",2011,"minnesota_vikings","LG",98
"1204",2011,"minnesota_vikings","LG",70
"1205",2011,"minnesota_vikings","LOLB",81
"1206",2011,"minnesota_vikings","LOLB",69
"1207",2011,"minnesota_vikings","LT",96
"1208",2011,"minnesota_vikings","LT",65
"1209",2011,"minnesota_vikings","MLB",92
"1210",2011,"minnesota_vikings","MLB",69
"1211",2011,"minnesota_vikings","P",82
"1212",2011,"minnesota_vikings","QB",79
"1213",2011,"minnesota_vikings","QB",77
"1214",2011,"minnesota_vikings","QB",77
"1215",2011,"minnesota_vikings","RE",97
"1216",2011,"minnesota_vikings","RE",82
"1217",2011,"minnesota_vikings","RG",88
"1218",2011,"minnesota_vikings","RG",80
"1219",2011,"minnesota_vikings","ROLB",87
"1220",2011,"minnesota_vikings","ROLB",71
"1221",2011,"minnesota_vikings","ROLB",68
"1222",2011,"minnesota_vikings","RT",87
"1223",2011,"minnesota_vikings","RT",73
"1224",2011,"minnesota_vikings","SS",92
"1225",2011,"minnesota_vikings","SS",79
"1226",2011,"minnesota_vikings","SS",71
"1227",2011,"minnesota_vikings","TE",79
"1228",2011,"minnesota_vikings","TE",78
"1229",2011,"minnesota_vikings","TE",71
"1230",2011,"minnesota_vikings","WR",85
"1231",2011,"minnesota_vikings","WR",83
"1232",2011,"minnesota_vikings","WR",81
"1233",2011,"minnesota_vikings","WR",77
"1234",2011,"minnesota_vikings","WR",76
"1235",2011,"minnesota_vikings","WR",72
"1236",2011,"new_england_patriots","C",95
"1237",2011,"new_england_patriots","C",66
"1238",2011,"new_england_patriots","CB",87
"1239",2011,"new_england_patriots","CB",83
"1240",2011,"new_england_patriots","CB",79
"1241",2011,"new_england_patriots","CB",77
"1242",2011,"new_england_patriots","CB",72
"1243",2011,"new_england_patriots","CB",71
"1244",2011,"new_england_patriots","DT",94
"1245",2011,"new_england_patriots","DT",81
"1246",2011,"new_england_patriots","DT",70
"1247",2011,"new_england_patriots","FB",84
"1248",2011,"new_england_patriots","FB",78
"1249",2011,"new_england_patriots","FS",86
"1250",2011,"new_england_patriots","FS",86
"1251",2011,"new_england_patriots","HB",90
"1252",2011,"new_england_patriots","HB",81
"1253",2011,"new_england_patriots","HB",81
"1254",2011,"new_england_patriots","K",92
"1255",2011,"new_england_patriots","LE",90
"1256",2011,"new_england_patriots","LE",67
"1257",2011,"new_england_patriots","LG",96
"1258",2011,"new_england_patriots","LG",80
"1259",2011,"new_england_patriots","LOLB",88
"1260",2011,"new_england_patriots","LOLB",71
"1261",2011,"new_england_patriots","LT",95
"1262",2011,"new_england_patriots","LT",69
"1263",2011,"new_england_patriots","MLB",86
"1264",2011,"new_england_patriots","MLB",82
"1265",2011,"new_england_patriots","MLB",80
"1266",2011,"new_england_patriots","MLB",70
"1267",2011,"new_england_patriots","P",74
"1268",2011,"new_england_patriots","QB",99
"1269",2011,"new_england_patriots","QB",76
"1270",2011,"new_england_patriots","QB",73
"1271",2011,"new_england_patriots","RE",96
"1272",2011,"new_england_patriots","RE",87
"1273",2011,"new_england_patriots","RG",94
"1274",2011,"new_england_patriots","RG",73
"1275",2011,"new_england_patriots","ROLB",95
"1276",2011,"new_england_patriots","ROLB",74
"1277",2011,"new_england_patriots","RT",86
"1278",2011,"new_england_patriots","RT",77
"1279",2011,"new_england_patriots","SS",94
"1280",2011,"new_england_patriots","SS",78
"1281",2011,"new_england_patriots","TE",87
"1282",2011,"new_england_patriots","TE",79
"1283",2011,"new_england_patriots","TE",78
"1284",2011,"new_england_patriots","WR",99
"1285",2011,"new_england_patriots","WR",94
"1286",2011,"new_england_patriots","WR",82
"1287",2011,"new_england_patriots","WR",78
"1288",2011,"new_england_patriots","WR",74
"1289",2011,"new_england_patriots","WR",68
"1290",2011,"new_orleans_saints","C",78
"1291",2011,"new_orleans_saints","C",75
"1292",2011,"new_orleans_saints","CB",89
"1293",2011,"new_orleans_saints","CB",82
"1294",2011,"new_orleans_saints","CB",78
"1295",2011,"new_orleans_saints","CB",76
"1296",2011,"new_orleans_saints","CB",73
"1297",2011,"new_orleans_saints","CB",70
"1298",2011,"new_orleans_saints","DT",85
"1299",2011,"new_orleans_saints","DT",84
"1300",2011,"new_orleans_saints","DT",80
"1301",2011,"new_orleans_saints","DT",72
"1302",2011,"new_orleans_saints","FB",85
"1303",2011,"new_orleans_saints","FS",81
"1304",2011,"new_orleans_saints","FS",81
"1305",2011,"new_orleans_saints","HB",86
"1306",2011,"new_orleans_saints","HB",86
"1307",2011,"new_orleans_saints","HB",79
"1308",2011,"new_orleans_saints","HB",78
"1309",2011,"new_orleans_saints","K",85
"1310",2011,"new_orleans_saints","K",79
"1311",2011,"new_orleans_saints","LE",87
"1312",2011,"new_orleans_saints","LE",66
"1313",2011,"new_orleans_saints","LG",82
"1314",2011,"new_orleans_saints","LG",79
"1315",2011,"new_orleans_saints","LOLB",84
"1316",2011,"new_orleans_saints","LOLB",83
"1317",2011,"new_orleans_saints","LT",94
"1318",2011,"new_orleans_saints","LT",72
"1319",2011,"new_orleans_saints","MLB",91
"1320",2011,"new_orleans_saints","MLB",64
"1321",2011,"new_orleans_saints","P",78
"1322",2011,"new_orleans_saints","QB",94
"1323",2011,"new_orleans_saints","QB",77
"1324",2011,"new_orleans_saints","RE",90
"1325",2011,"new_orleans_saints","RE",80
"1326",2011,"new_orleans_saints","RG",84
"1327",2011,"new_orleans_saints","RG",69
"1328",2011,"new_orleans_saints","ROLB",80
"1329",2011,"new_orleans_saints","ROLB",64
"1330",2011,"new_orleans_saints","RT",82
"1331",2011,"new_orleans_saints","RT",72
"1332",2011,"new_orleans_saints","SS",79
"1333",2011,"new_orleans_saints","SS",69
"1334",2011,"new_orleans_saints","TE",80
"1335",2011,"new_orleans_saints","TE",77
"1336",2011,"new_orleans_saints","TE",74
"1337",2011,"new_orleans_saints","WR",94
"1338",2011,"new_orleans_saints","WR",81
"1339",2011,"new_orleans_saints","WR",79
"1340",2011,"new_orleans_saints","WR",77
"1341",2011,"new_orleans_saints","WR",76
"1342",2011,"new_orleans_saints","WR",73
"1343",2011,"new_orleans_saints","WR",68
"1344",2011,"new_york_giants","C",92
"1345",2011,"new_york_giants","C",75
"1346",2011,"new_york_giants","CB",88
"1347",2011,"new_york_giants","CB",86
"1348",2011,"new_york_giants","CB",83
"1349",2011,"new_york_giants","CB",80
"1350",2011,"new_york_giants","CB",77
"1351",2011,"new_york_giants","CB",74
"1352",2011,"new_york_giants","DT",87
"1353",2011,"new_york_giants","DT",85
"1354",2011,"new_york_giants","DT",75
"1355",2011,"new_york_giants","DT",68
"1356",2011,"new_york_giants","FB",88
"1357",2011,"new_york_giants","FS",82
"1358",2011,"new_york_giants","FS",80
"1359",2011,"new_york_giants","HB",87
"1360",2011,"new_york_giants","HB",82
"1361",2011,"new_york_giants","HB",81
"1362",2011,"new_york_giants","K",85
"1363",2011,"new_york_giants","LE",94
"1364",2011,"new_york_giants","LE",94
"1365",2011,"new_york_giants","LG",91
"1366",2011,"new_york_giants","LOLB",81
"1367",2011,"new_york_giants","LOLB",72
"1368",2011,"new_york_giants","LOLB",72
"1369",2011,"new_york_giants","LT",93
"1370",2011,"new_york_giants","LT",75
"1371",2011,"new_york_giants","MLB",95
"1372",2011,"new_york_giants","MLB",73
"1373",2011,"new_york_giants","MLB",72
"1374",2011,"new_york_giants","P",81
"1375",2011,"new_york_giants","QB",93
"1376",2011,"new_york_giants","QB",76
"1377",2011,"new_york_giants","QB",71
"1378",2011,"new_york_giants","RE",97
"1379",2011,"new_york_giants","RE",74
"1380",2011,"new_york_giants","RG",95
"1381",2011,"new_york_giants","RG",78
"1382",2011,"new_york_giants","RG",69
"1383",2011,"new_york_giants","ROLB",78
"1384",2011,"new_york_giants","ROLB",77
"1385",2011,"new_york_giants","RT",93
"1386",2011,"new_york_giants","RT",69
"1387",2011,"new_york_giants","SS",83
"1388",2011,"new_york_giants","SS",77
"1389",2011,"new_york_giants","TE",95
"1390",2011,"new_york_giants","TE",80
"1391",2011,"new_york_giants","WR",96
"1392",2011,"new_york_giants","WR",86
"1393",2011,"new_york_giants","WR",83
"1394",2011,"new_york_giants","WR",78
"1395",2011,"new_york_giants","WR",74
"1396",2011,"new_york_giants","WR",72
"1397",2011,"new_york_giants","WR",70
"1398",2011,"new_york_jets","C",93
"1399",2011,"new_york_jets","C",71
"1400",2011,"new_york_jets","CB",88
"1401",2011,"new_york_jets","CB",79
"1402",2011,"new_york_jets","CB",77
"1403",2011,"new_york_jets","CB",75
"1404",2011,"new_york_jets","CB",75
"1405",2011,"new_york_jets","CB",68
"1406",2011,"new_york_jets","DT",92
"1407",2011,"new_york_jets","DT",74
"1408",2011,"new_york_jets","DT",70
"1409",2011,"new_york_jets","FB",90
"1410",2011,"new_york_jets","FS",78
"1411",2011,"new_york_jets","FS",71
"1412",2011,"new_york_jets","HB",88
"1413",2011,"new_york_jets","HB",82
"1414",2011,"new_york_jets","HB",80
"1415",2011,"new_york_jets","K",86
"1416",2011,"new_york_jets","LE",86
"1417",2011,"new_york_jets","LE",67
"1418",2011,"new_york_jets","LG",95
"1419",2011,"new_york_jets","LG",73
"1420",2011,"new_york_jets","LOLB",87
"1421",2011,"new_york_jets","LOLB",79
"1422",2011,"new_york_jets","LOLB",71
"1423",2011,"new_york_jets","LT",84
"1424",2011,"new_york_jets","LT",68
"1425",2011,"new_york_jets","MLB",90
"1426",2011,"new_york_jets","MLB",85
"1427",2011,"new_york_jets","MLB",72
"1428",2011,"new_york_jets","P",79
"1429",2011,"new_york_jets","QB",81
"1430",2011,"new_york_jets","QB",77
"1431",2011,"new_york_jets","QB",74
"1432",2011,"new_york_jets","RE",87
"1433",2011,"new_york_jets","RE",72
"1434",2011,"new_york_jets","RG",87
"1435",2011,"new_york_jets","RG",69
"1436",2011,"new_york_jets","ROLB",82
"1437",2011,"new_york_jets","ROLB",68
"1438",2011,"new_york_jets","RT",88
"1439",2011,"new_york_jets","RT",68
"1440",2011,"new_york_jets","SS",96
"1441",2011,"new_york_jets","SS",77
"1442",2011,"new_york_jets","SS",70
"1443",2011,"new_york_jets","TE",80
"1444",2011,"new_york_jets","TE",80
"1445",2011,"new_york_jets","TE",78
"1446",2011,"new_york_jets","WR",91
"1447",2011,"new_york_jets","WR",89
"1448",2011,"new_york_jets","WR",76
"1449",2011,"new_york_jets","WR",73
"1450",2011,"new_york_jets","WR",71
"1451",2011,"new_york_jets","WR",69
"1452",2011,"oakland_raiders","C",86
"1453",2011,"oakland_raiders","C",83
"1454",2011,"oakland_raiders","CB",96
"1455",2011,"oakland_raiders","CB",93
"1456",2011,"oakland_raiders","CB",80
"1457",2011,"oakland_raiders","CB",72
"1458",2011,"oakland_raiders","CB",66
"1459",2011,"oakland_raiders","CB",63
"1460",2011,"oakland_raiders","DT",91
"1461",2011,"oakland_raiders","DT",83
"1462",2011,"oakland_raiders","DT",79
"1463",2011,"oakland_raiders","DT",78
"1464",2011,"oakland_raiders","FB",84
"1465",2011,"oakland_raiders","FB",80
"1466",2011,"oakland_raiders","FS",87
"1467",2011,"oakland_raiders","FS",71
"1468",2011,"oakland_raiders","HB",85
"1469",2011,"oakland_raiders","HB",85
"1470",2011,"oakland_raiders","HB",79
"1471",2011,"oakland_raiders","HB",79
"1472",2011,"oakland_raiders","K",81
"1473",2011,"oakland_raiders","LE",92
"1474",2011,"oakland_raiders","LE",76
"1475",2011,"oakland_raiders","LG",85
"1476",2011,"oakland_raiders","LG",66
"1477",2011,"oakland_raiders","LOLB",79
"1478",2011,"oakland_raiders","LOLB",78
"1479",2011,"oakland_raiders","LT",78
"1480",2011,"oakland_raiders","LT",70
"1481",2011,"oakland_raiders","MLB",92
"1482",2011,"oakland_raiders","MLB",62
"1483",2011,"oakland_raiders","P",97
"1484",2011,"oakland_raiders","QB",83
"1485",2011,"oakland_raiders","QB",76
"1486",2011,"oakland_raiders","RE",81
"1487",2011,"oakland_raiders","RE",72
"1488",2011,"oakland_raiders","RG",86
"1489",2011,"oakland_raiders","RG",81
"1490",2011,"oakland_raiders","ROLB",91
"1491",2011,"oakland_raiders","ROLB",67
"1492",2011,"oakland_raiders","ROLB",65
"1493",2011,"oakland_raiders","RT",83
"1494",2011,"oakland_raiders","RT",66
"1495",2011,"oakland_raiders","SS",87
"1496",2011,"oakland_raiders","SS",74
"1497",2011,"oakland_raiders","TE",83
"1498",2011,"oakland_raiders","TE",77
"1499",2011,"oakland_raiders","TE",75
"1500",2011,"oakland_raiders","WR",87
"1501",2011,"oakland_raiders","WR",82
"1502",2011,"oakland_raiders","WR",76
"1503",2011,"oakland_raiders","WR",72
"1504",2011,"oakland_raiders","WR",71
"1505",2011,"oakland_raiders","WR",69
"1506",2011,"philadelphia_eagles","C",92
"1507",2011,"philadelphia_eagles","C",68
"1508",2011,"philadelphia_eagles","CB",96
"1509",2011,"philadelphia_eagles","CB",93
"1510",2011,"philadelphia_eagles","CB",91
"1511",2011,"philadelphia_eagles","CB",78
"1512",2011,"philadelphia_eagles","CB",76
"1513",2011,"philadelphia_eagles","DT",84
"1514",2011,"philadelphia_eagles","DT",84
"1515",2011,"philadelphia_eagles","DT",79
"1516",2011,"philadelphia_eagles","DT",76
"1517",2011,"philadelphia_eagles","FB",66
"1518",2011,"philadelphia_eagles","FS",92
"1519",2011,"philadelphia_eagles","FS",73
"1520",2011,"philadelphia_eagles","HB",97
"1521",2011,"philadelphia_eagles","HB",82
"1522",2011,"philadelphia_eagles","HB",76
"1523",2011,"philadelphia_eagles","HB",75
"1524",2011,"philadelphia_eagles","K",82
"1525",2011,"philadelphia_eagles","LE",87
"1526",2011,"philadelphia_eagles","LE",85
"1527",2011,"philadelphia_eagles","LE",75
"1528",2011,"philadelphia_eagles","LG",88
"1529",2011,"philadelphia_eagles","LG",75
"1530",2011,"philadelphia_eagles","LOLB",81
"1531",2011,"philadelphia_eagles","LOLB",73
"1532",2011,"philadelphia_eagles","LT",95
"1533",2011,"philadelphia_eagles","LT",76
"1534",2011,"philadelphia_eagles","MLB",79
"1535",2011,"philadelphia_eagles","MLB",68
"1536",2011,"philadelphia_eagles","P",74
"1537",2011,"philadelphia_eagles","QB",92
"1538",2011,"philadelphia_eagles","QB",78
"1539",2011,"philadelphia_eagles","QB",76
"1540",2011,"philadelphia_eagles","RE",93
"1541",2011,"philadelphia_eagles","RE",75
"1542",2011,"philadelphia_eagles","RG",96
"1543",2011,"philadelphia_eagles","RG",80
"1544",2011,"philadelphia_eagles","RG",79
"1545",2011,"philadelphia_eagles","ROLB",87
"1546",2011,"philadelphia_eagles","ROLB",64
"1547",2011,"philadelphia_eagles","RT",90
"1548",2011,"philadelphia_eagles","RT",60
"1549",2011,"philadelphia_eagles","SS",83
"1550",2011,"philadelphia_eagles","SS",78
"1551",2011,"philadelphia_eagles","TE",85
"1552",2011,"philadelphia_eagles","TE",80
"1553",2011,"philadelphia_eagles","TE",73
"1554",2011,"philadelphia_eagles","WR",87
"1555",2011,"philadelphia_eagles","WR",86
"1556",2011,"philadelphia_eagles","WR",78
"1557",2011,"philadelphia_eagles","WR",76
"1558",2011,"philadelphia_eagles","WR",74
"1559",2011,"philadelphia_eagles","WR",74
"1560",2011,"pittsburgh_steelers","C",85
"1561",2011,"pittsburgh_steelers","C",79
"1562",2011,"pittsburgh_steelers","CB",89
"1563",2011,"pittsburgh_steelers","CB",89
"1564",2011,"pittsburgh_steelers","CB",84
"1565",2011,"pittsburgh_steelers","CB",71
"1566",2011,"pittsburgh_steelers","CB",66
"1567",2011,"pittsburgh_steelers","DT",96
"1568",2011,"pittsburgh_steelers","DT",82
"1569",2011,"pittsburgh_steelers","DT",69
"1570",2011,"pittsburgh_steelers","FB",83
"1571",2011,"pittsburgh_steelers","FS",83
"1572",2011,"pittsburgh_steelers","FS",75
"1573",2011,"pittsburgh_steelers","HB",93
"1574",2011,"pittsburgh_steelers","HB",81
"1575",2011,"pittsburgh_steelers","HB",80
"1576",2011,"pittsburgh_steelers","HB",77
"1577",2011,"pittsburgh_steelers","K",84
"1578",2011,"pittsburgh_steelers","LE",94
"1579",2011,"pittsburgh_steelers","LE",75
"1580",2011,"pittsburgh_steelers","LG",76
"1581",2011,"pittsburgh_steelers","LG",69
"1582",2011,"pittsburgh_steelers","LOLB",79
"1583",2011,"pittsburgh_steelers","LOLB",70
"1584",2011,"pittsburgh_steelers","LT",88
"1585",2011,"pittsburgh_steelers","LT",77
"1586",2011,"pittsburgh_steelers","LT",70
"1587",2011,"pittsburgh_steelers","MLB",92
"1588",2011,"pittsburgh_steelers","MLB",86
"1589",2011,"pittsburgh_steelers","MLB",75
"1590",2011,"pittsburgh_steelers","MLB",74
"1591",2011,"pittsburgh_steelers","P",79
"1592",2011,"pittsburgh_steelers","QB",95
"1593",2011,"pittsburgh_steelers","QB",78
"1594",2011,"pittsburgh_steelers","QB",72
"1595",2011,"pittsburgh_steelers","RE",84
"1596",2011,"pittsburgh_steelers","RE",70
"1597",2011,"pittsburgh_steelers","RG",87
"1598",2011,"pittsburgh_steelers","RG",69
"1599",2011,"pittsburgh_steelers","ROLB",93
"1600",2011,"pittsburgh_steelers","ROLB",75
"1601",2011,"pittsburgh_steelers","ROLB",73
"1602",2011,"pittsburgh_steelers","RT",83
"1603",2011,"pittsburgh_steelers","RT",81
"1604",2011,"pittsburgh_steelers","SS",98
"1605",2011,"pittsburgh_steelers","SS",76
"1606",2011,"pittsburgh_steelers","TE",92
"1607",2011,"pittsburgh_steelers","TE",73
"1608",2011,"pittsburgh_steelers","WR",90
"1609",2011,"pittsburgh_steelers","WR",85
"1610",2011,"pittsburgh_steelers","WR",80
"1611",2011,"pittsburgh_steelers","WR",77
"1612",2011,"pittsburgh_steelers","WR",72
"1613",2011,"pittsburgh_steelers","WR",72
"1614",2011,"san_diego_chargers","C",94
"1615",2011,"san_diego_chargers","C",77
"1616",2011,"san_diego_chargers","CB",93
"1617",2011,"san_diego_chargers","CB",92
"1618",2011,"san_diego_chargers","CB",79
"1619",2011,"san_diego_chargers","CB",73
"1620",2011,"san_diego_chargers","CB",72
"1621",2011,"san_diego_chargers","DT",97
"1622",2011,"san_diego_chargers","DT",70
"1623",2011,"san_diego_chargers","DT",64
"1624",2011,"san_diego_chargers","FB",76
"1625",2011,"san_diego_chargers","FS",85
"1626",2011,"san_diego_chargers","FS",71
"1627",2011,"san_diego_chargers","FS",71
"1628",2011,"san_diego_chargers","HB",99
"1629",2011,"san_diego_chargers","HB",79
"1630",2011,"san_diego_chargers","HB",77
"1631",2011,"san_diego_chargers","HB",73
"1632",2011,"san_diego_chargers","K",94
"1633",2011,"san_diego_chargers","LE",93
"1634",2011,"san_diego_chargers","LE",66
"1635",2011,"san_diego_chargers","LG",94
"1636",2011,"san_diego_chargers","LG",73
"1637",2011,"san_diego_chargers","LOLB",92
"1638",2011,"san_diego_chargers","LOLB",70
"1639",2011,"san_diego_chargers","LT",93
"1640",2011,"san_diego_chargers","LT",62
"1641",2011,"san_diego_chargers","MLB",86
"1642",2011,"san_diego_chargers","MLB",80
"1643",2011,"san_diego_chargers","MLB",78
"1644",2011,"san_diego_chargers","MLB",70
"1645",2011,"san_diego_chargers","MLB",70
"1646",2011,"san_diego_chargers","P",86
"1647",2011,"san_diego_chargers","QB",90
"1648",2011,"san_diego_chargers","QB",82
"1649",2011,"san_diego_chargers","RE",86
"1650",2011,"san_diego_chargers","RE",83
"1651",2011,"san_diego_chargers","RG",88
"1652",2011,"san_diego_chargers","RG",70
"1653",2011,"san_diego_chargers","ROLB",97
"1654",2011,"san_diego_chargers","ROLB",72
"1655",2011,"san_diego_chargers","RT",80
"1656",2011,"san_diego_chargers","RT",75
"1657",2011,"san_diego_chargers","SS",79
"1658",2011,"san_diego_chargers","SS",67
"1659",2011,"san_diego_chargers","TE",99
"1660",2011,"san_diego_chargers","TE",76
"1661",2011,"san_diego_chargers","TE",72
"1662",2011,"san_diego_chargers","WR",91
"1663",2011,"san_diego_chargers","WR",89
"1664",2011,"san_diego_chargers","WR",79
"1665",2011,"san_diego_chargers","WR",79
"1666",2011,"san_diego_chargers","WR",73
"1667",2011,"san_diego_chargers","WR",71
"1668",2011,"san_francisco_49ers","C",85
"1669",2011,"san_francisco_49ers","C",73
"1670",2011,"san_francisco_49ers","CB",92
"1671",2011,"san_francisco_49ers","CB",88
"1672",2011,"san_francisco_49ers","CB",79
"1673",2011,"san_francisco_49ers","CB",77
"1674",2011,"san_francisco_49ers","CB",70
"1675",2011,"san_francisco_49ers","CB",64
"1676",2011,"san_francisco_49ers","DT",79
"1677",2011,"san_francisco_49ers","DT",77
"1678",2011,"san_francisco_49ers","DT",75
"1679",2011,"san_francisco_49ers","FB",85
"1680",2011,"san_francisco_49ers","FS",79
"1681",2011,"san_francisco_49ers","FS",75
"1682",2011,"san_francisco_49ers","HB",93
"1683",2011,"san_francisco_49ers","HB",82
"1684",2011,"san_francisco_49ers","HB",77
"1685",2011,"san_francisco_49ers","K",90
"1686",2011,"san_francisco_49ers","LE",83
"1687",2011,"san_francisco_49ers","LE",76
"1688",2011,"san_francisco_49ers","LG",82
"1689",2011,"san_francisco_49ers","LG",78
"1690",2011,"san_francisco_49ers","LOLB",85
"1691",2011,"san_francisco_49ers","LOLB",72
"1692",2011,"san_francisco_49ers","LT",86
"1693",2011,"san_francisco_49ers","LT",71
"1694",2011,"san_francisco_49ers","MLB",96
"1695",2011,"san_francisco_49ers","MLB",80
"1696",2011,"san_francisco_49ers","MLB",77
"1697",2011,"san_francisco_49ers","MLB",76
"1698",2011,"san_francisco_49ers","MLB",67
"1699",2011,"san_francisco_49ers","P",96
"1700",2011,"san_francisco_49ers","QB",79
"1701",2011,"san_francisco_49ers","QB",79
"1702",2011,"san_francisco_49ers","QB",77
"1703",2011,"san_francisco_49ers","RE",89
"1704",2011,"san_francisco_49ers","RE",75
"1705",2011,"san_francisco_49ers","RG",84
"1706",2011,"san_francisco_49ers","RG",75
"1707",2011,"san_francisco_49ers","ROLB",79
"1708",2011,"san_francisco_49ers","ROLB",74
"1709",2011,"san_francisco_49ers","RT",88
"1710",2011,"san_francisco_49ers","RT",61
"1711",2011,"san_francisco_49ers","SS",87
"1712",2011,"san_francisco_49ers","SS",73
"1713",2011,"san_francisco_49ers","TE",87
"1714",2011,"san_francisco_49ers","TE",73
"1715",2011,"san_francisco_49ers","TE",73
"1716",2011,"san_francisco_49ers","WR",85
"1717",2011,"san_francisco_49ers","WR",82
"1718",2011,"san_francisco_49ers","WR",82
"1719",2011,"san_francisco_49ers","WR",77
"1720",2011,"san_francisco_49ers","WR",73
"1721",2011,"san_francisco_49ers","WR",71
"1722",2011,"seattle_seahawks","C",82
"1723",2011,"seattle_seahawks","C",77
"1724",2011,"seattle_seahawks","CB",94
"1725",2011,"seattle_seahawks","CB",88
"1726",2011,"seattle_seahawks","CB",79
"1727",2011,"seattle_seahawks","CB",77
"1728",2011,"seattle_seahawks","CB",65
"1729",2011,"seattle_seahawks","DT",87
"1730",2011,"seattle_seahawks","DT",83
"1731",2011,"seattle_seahawks","DT",80
"1732",2011,"seattle_seahawks","DT",77
"1733",2011,"seattle_seahawks","DT",74
"1734",2011,"seattle_seahawks","FB",88
"1735",2011,"seattle_seahawks","FB",76
"1736",2011,"seattle_seahawks","FS",87
"1737",2011,"seattle_seahawks","FS",68
"1738",2011,"seattle_seahawks","HB",84
"1739",2011,"seattle_seahawks","HB",80
"1740",2011,"seattle_seahawks","HB",78
"1741",2011,"seattle_seahawks","K",79
"1742",2011,"seattle_seahawks","K",75
"1743",2011,"seattle_seahawks","LE",95
"1744",2011,"seattle_seahawks","LE",77
"1745",2011,"seattle_seahawks","LG",90
"1746",2011,"seattle_seahawks","LG",68
"1747",2011,"seattle_seahawks","LOLB",89
"1748",2011,"seattle_seahawks","LOLB",69
"1749",2011,"seattle_seahawks","LT",95
"1750",2011,"seattle_seahawks","LT",73
"1751",2011,"seattle_seahawks","MLB",97
"1752",2011,"seattle_seahawks","MLB",75
"1753",2011,"seattle_seahawks","P",75
"1754",2011,"seattle_seahawks","QB",91
"1755",2011,"seattle_seahawks","QB",82
"1756",2011,"seattle_seahawks","QB",80
"1757",2011,"seattle_seahawks","RE",83
"1758",2011,"seattle_seahawks","RE",78
"1759",2011,"seattle_seahawks","RE",76
"1760",2011,"seattle_seahawks","RG",80
"1761",2011,"seattle_seahawks","RG",76
"1762",2011,"seattle_seahawks","ROLB",95
"1763",2011,"seattle_seahawks","ROLB",69
"1764",2011,"seattle_seahawks","RT",86
"1765",2011,"seattle_seahawks","RT",72
"1766",2011,"seattle_seahawks","SS",86
"1767",2011,"seattle_seahawks","SS",80
"1768",2011,"seattle_seahawks","TE",79
"1769",2011,"seattle_seahawks","TE",66
"1770",2011,"seattle_seahawks","WR",87
"1771",2011,"seattle_seahawks","WR",87
"1772",2011,"seattle_seahawks","WR",83
"1773",2011,"seattle_seahawks","WR",73
"1774",2011,"seattle_seahawks","WR",73
"1775",2011,"seattle_seahawks","WR",69
"1776",2011,"st._louis_rams","C",79
"1777",2011,"st._louis_rams","C",77
"1778",2011,"st._louis_rams","CB",87
"1779",2011,"st._louis_rams","CB",86
"1780",2011,"st._louis_rams","CB",77
"1781",2011,"st._louis_rams","CB",75
"1782",2011,"st._louis_rams","CB",73
"1783",2011,"st._louis_rams","DT",89
"1784",2011,"st._louis_rams","DT",84
"1785",2011,"st._louis_rams","DT",74
"1786",2011,"st._louis_rams","DT",69
"1787",2011,"st._louis_rams","FB",83
"1788",2011,"st._louis_rams","FB",72
"1789",2011,"st._louis_rams","FS",90
"1790",2011,"st._louis_rams","FS",73
"1791",2011,"st._louis_rams","HB",97
"1792",2011,"st._louis_rams","HB",77
"1793",2011,"st._louis_rams","HB",75
"1794",2011,"st._louis_rams","K",91
"1795",2011,"st._louis_rams","LE",87
"1796",2011,"st._louis_rams","LE",76
"1797",2011,"st._louis_rams","LG",94
"1798",2011,"st._louis_rams","LOLB",79
"1799",2011,"st._louis_rams","LOLB",72
"1800",2011,"st._louis_rams","LT",91
"1801",2011,"st._louis_rams","LT",77
"1802",2011,"st._louis_rams","MLB",92
"1803",2011,"st._louis_rams","MLB",68
"1804",2011,"st._louis_rams","P",90
"1805",2011,"st._louis_rams","QB",89
"1806",2011,"st._louis_rams","QB",81
"1807",2011,"st._louis_rams","RE",84
"1808",2011,"st._louis_rams","RE",82
"1809",2011,"st._louis_rams","RE",72
"1810",2011,"st._louis_rams","RG",81
"1811",2011,"st._louis_rams","RG",75
"1812",2011,"st._louis_rams","RG",75
"1813",2011,"st._louis_rams","ROLB",85
"1814",2011,"st._louis_rams","ROLB",66
"1815",2011,"st._louis_rams","RT",85
"1816",2011,"st._louis_rams","RT",76
"1817",2011,"st._louis_rams","SS",82
"1818",2011,"st._louis_rams","SS",75
"1819",2011,"st._louis_rams","TE",84
"1820",2011,"st._louis_rams","TE",77
"1821",2011,"st._louis_rams","TE",75
"1822",2011,"st._louis_rams","WR",94
"1823",2011,"st._louis_rams","WR",82
"1824",2011,"st._louis_rams","WR",78
"1825",2011,"st._louis_rams","WR",76
"1826",2011,"st._louis_rams","WR",75
"1827",2011,"st._louis_rams","WR",71
"1828",2011,"st._louis_rams","WR",71
"1829",2011,"st._louis_rams","WR",66
"1830",2011,"tampa_bay_buccaneers","C",88
"1831",2011,"tampa_bay_buccaneers","C",76
"1832",2011,"tampa_bay_buccaneers","CB",92
"1833",2011,"tampa_bay_buccaneers","CB",82
"1834",2011,"tampa_bay_buccaneers","CB",80
"1835",2011,"tampa_bay_buccaneers","CB",72
"1836",2011,"tampa_bay_buccaneers","DT",87
"1837",2011,"tampa_bay_buccaneers","DT",84
"1838",2011,"tampa_bay_buccaneers","DT",79
"1839",2011,"tampa_bay_buccaneers","DT",73
"1840",2011,"tampa_bay_buccaneers","DT",72
"1841",2011,"tampa_bay_buccaneers","FB",87
"1842",2011,"tampa_bay_buccaneers","FS",87
"1843",2011,"tampa_bay_buccaneers","FS",84
"1844",2011,"tampa_bay_buccaneers","HB",85
"1845",2011,"tampa_bay_buccaneers","HB",85
"1846",2011,"tampa_bay_buccaneers","HB",84
"1847",2011,"tampa_bay_buccaneers","HB",74
"1848",2011,"tampa_bay_buccaneers","K",89
"1849",2011,"tampa_bay_buccaneers","LE",86
"1850",2011,"tampa_bay_buccaneers","LE",82
"1851",2011,"tampa_bay_buccaneers","LE",77
"1852",2011,"tampa_bay_buccaneers","LG",85
"1853",2011,"tampa_bay_buccaneers","LG",78
"1854",2011,"tampa_bay_buccaneers","LOLB",91
"1855",2011,"tampa_bay_buccaneers","LOLB",74
"1856",2011,"tampa_bay_buccaneers","LT",87
"1857",2011,"tampa_bay_buccaneers","LT",76
"1858",2011,"tampa_bay_buccaneers","MLB",89
"1859",2011,"tampa_bay_buccaneers","MLB",71
"1860",2011,"tampa_bay_buccaneers","P",84
"1861",2011,"tampa_bay_buccaneers","QB",90
"1862",2011,"tampa_bay_buccaneers","QB",77
"1863",2011,"tampa_bay_buccaneers","QB",77
"1864",2011,"tampa_bay_buccaneers","QB",72
"1865",2011,"tampa_bay_buccaneers","RE",88
"1866",2011,"tampa_bay_buccaneers","RE",85
"1867",2011,"tampa_bay_buccaneers","RG",93
"1868",2011,"tampa_bay_buccaneers","RG",78
"1869",2011,"tampa_bay_buccaneers","ROLB",93
"1870",2011,"tampa_bay_buccaneers","ROLB",68
"1871",2011,"tampa_bay_buccaneers","RT",87
"1872",2011,"tampa_bay_buccaneers","RT",63
"1873",2011,"tampa_bay_buccaneers","SS",88
"1874",2011,"tampa_bay_buccaneers","SS",74
"1875",2011,"tampa_bay_buccaneers","TE",83
"1876",2011,"tampa_bay_buccaneers","TE",79
"1877",2011,"tampa_bay_buccaneers","WR",88
"1878",2011,"tampa_bay_buccaneers","WR",80
"1879",2011,"tampa_bay_buccaneers","WR",79
"1880",2011,"tampa_bay_buccaneers","WR",78
"1881",2011,"tampa_bay_buccaneers","WR",77
"1882",2011,"tampa_bay_buccaneers","WR",73
"1883",2011,"tampa_bay_buccaneers","WR",64
"1884",2011,"tennessee_titans","C",94
"1885",2011,"tennessee_titans","C",65
"1886",2011,"tennessee_titans","CB",88
"1887",2011,"tennessee_titans","CB",88
"1888",2011,"tennessee_titans","CB",75
"1889",2011,"tennessee_titans","CB",71
"1890",2011,"tennessee_titans","CB",71
"1891",2011,"tennessee_titans","DT",98
"1892",2011,"tennessee_titans","DT",86
"1893",2011,"tennessee_titans","DT",73
"1894",2011,"tennessee_titans","DT",71
"1895",2011,"tennessee_titans","FB",84
"1896",2011,"tennessee_titans","FS",88
"1897",2011,"tennessee_titans","FS",78
"1898",2011,"tennessee_titans","HB",84
"1899",2011,"tennessee_titans","HB",78
"1900",2011,"tennessee_titans","HB",77
"1901",2011,"tennessee_titans","K",91
"1902",2011,"tennessee_titans","LE",81
"1903",2011,"tennessee_titans","LE",81
"1904",2011,"tennessee_titans","LE",71
"1905",2011,"tennessee_titans","LG",77
"1906",2011,"tennessee_titans","LG",77
"1907",2011,"tennessee_titans","LOLB",89
"1908",2011,"tennessee_titans","LOLB",67
"1909",2011,"tennessee_titans","LT",88
"1910",2011,"tennessee_titans","LT",75
"1911",2011,"tennessee_titans","MLB",79
"1912",2011,"tennessee_titans","MLB",79
"1913",2011,"tennessee_titans","P",77
"1914",2011,"tennessee_titans","QB",88
"1915",2011,"tennessee_titans","QB",79
"1916",2011,"tennessee_titans","RE",93
"1917",2011,"tennessee_titans","RE",74
"1918",2011,"tennessee_titans","RG",92
"1919",2011,"tennessee_titans","RG",68
"1920",2011,"tennessee_titans","ROLB",97
"1921",2011,"tennessee_titans","ROLB",75
"1922",2011,"tennessee_titans","RT",88
"1923",2011,"tennessee_titans","RT",66
"1924",2011,"tennessee_titans","SS",92
"1925",2011,"tennessee_titans","SS",77
"1926",2011,"tennessee_titans","SS",69
"1927",2011,"tennessee_titans","TE",86
"1928",2011,"tennessee_titans","TE",81
"1929",2011,"tennessee_titans","TE",77
"1930",2011,"tennessee_titans","WR",80
"1931",2011,"tennessee_titans","WR",80
"1932",2011,"tennessee_titans","WR",79
"1933",2011,"tennessee_titans","WR",77
"1934",2011,"tennessee_titans","WR",73
"1935",2011,"tennessee_titans","WR",72
"1936",2011,"tennessee_titans","WR",72
"1937",2011,"tennessee_titans","WR",68
"1938",2011,"washington_redskins","C",84
"1939",2011,"washington_redskins","C",67
"1940",2011,"washington_redskins","CB",89
"1941",2011,"washington_redskins","CB",88
"1942",2011,"washington_redskins","CB",87
"1943",2011,"washington_redskins","CB",74
"1944",2011,"washington_redskins","CB",72
"1945",2011,"washington_redskins","DT",88
"1946",2011,"washington_redskins","DT",85
"1947",2011,"washington_redskins","DT",75
"1948",2011,"washington_redskins","DT",72
"1949",2011,"washington_redskins","FB",85
"1950",2011,"washington_redskins","FS",76
"1951",2011,"washington_redskins","FS",75
"1952",2011,"washington_redskins","FS",66
"1953",2011,"washington_redskins","HB",91
"1954",2011,"washington_redskins","HB",84
"1955",2011,"washington_redskins","HB",73
"1956",2011,"washington_redskins","K",82
"1957",2011,"washington_redskins","LE",84
"1958",2011,"washington_redskins","LE",72
"1959",2011,"washington_redskins","LG",86
"1960",2011,"washington_redskins","LG",73
"1961",2011,"washington_redskins","LOLB",89
"1962",2011,"washington_redskins","LOLB",70
"1963",2011,"washington_redskins","LT",96
"1964",2011,"washington_redskins","LT",76
"1965",2011,"washington_redskins","MLB",96
"1966",2011,"washington_redskins","MLB",74
"1967",2011,"washington_redskins","P",80
"1968",2011,"washington_redskins","P",76
"1969",2011,"washington_redskins","QB",86
"1970",2011,"washington_redskins","QB",85
"1971",2011,"washington_redskins","QB",73
"1972",2011,"washington_redskins","RE",88
"1973",2011,"washington_redskins","RE",74
"1974",2011,"washington_redskins","RE",71
"1975",2011,"washington_redskins","RG",92
"1976",2011,"washington_redskins","RG",83
"1977",2011,"washington_redskins","ROLB",88
"1978",2011,"washington_redskins","ROLB",65
"1979",2011,"washington_redskins","RT",90
"1980",2011,"washington_redskins","RT",78
"1981",2011,"washington_redskins","SS",93
"1982",2011,"washington_redskins","SS",71
"1983",2011,"washington_redskins","TE",92
"1984",2011,"washington_redskins","TE",77
"1985",2011,"washington_redskins","TE",70
"1986",2011,"washington_redskins","WR",87
"1987",2011,"washington_redskins","WR",83
"1988",2011,"washington_redskins","WR",81
"1989",2011,"washington_redskins","WR",80
"1990",2011,"washington_redskins","WR",75
"1991",2011,"washington_redskins","WR",75
