"year","team","position","overall"
2010,"arizona_cardinals","C",72
2010,"arizona_cardinals","C",69
2010,"arizona_cardinals","CB",87
2010,"arizona_cardinals","CB",78
2010,"arizona_cardinals","CB",60
2010,"arizona_cardinals","CB",59
2010,"arizona_cardinals","CB",56
2010,"arizona_cardinals","CB",46
2010,"arizona_cardinals","DT",94
2010,"arizona_cardinals","DT",72
2010,"arizona_cardinals","DT",68
2010,"arizona_cardinals","DT",60
2010,"arizona_cardinals","FB",79
2010,"arizona_cardinals","FB",70
2010,"arizona_cardinals","FS",84
2010,"arizona_cardinals","FS",71
2010,"arizona_cardinals","FS",66
2010,"arizona_cardinals","HB",79
2010,"arizona_cardinals","HB",75
2010,"arizona_cardinals","HB",71
2010,"arizona_cardinals","K",81
2010,"arizona_cardinals","LE",74
2010,"arizona_cardinals","LE",67
2010,"arizona_cardinals","LG",81
2010,"arizona_cardinals","LG",69
2010,"arizona_cardinals","LOLB",89
2010,"arizona_cardinals","LOLB",65
2010,"arizona_cardinals","LOLB",63
2010,"arizona_cardinals","LT",86
2010,"arizona_cardinals","LT",59
2010,"arizona_cardinals","MLB",79
2010,"arizona_cardinals","MLB",55
2010,"arizona_cardinals","P",69
2010,"arizona_cardinals","QB",94
2010,"arizona_cardinals","QB",68
2010,"arizona_cardinals","QB",51
2010,"arizona_cardinals","RE",83
2010,"arizona_cardinals","RG",76
2010,"arizona_cardinals","RG",66
2010,"arizona_cardinals","ROLB",76
2010,"arizona_cardinals","ROLB",72
2010,"arizona_cardinals","RT",81
2010,"arizona_cardinals","RT",67
2010,"arizona_cardinals","SS",97
2010,"arizona_cardinals","SS",63
2010,"arizona_cardinals","SS",59
2010,"arizona_cardinals","TE",76
2010,"arizona_cardinals","TE",73
2010,"arizona_cardinals","TE",73
2010,"arizona_cardinals","WR",99
2010,"arizona_cardinals","WR",94
2010,"arizona_cardinals","WR",79
2010,"arizona_cardinals","WR",68
2010,"arizona_cardinals","WR",64
2010,"atlanta_falcons","C",78
2010,"atlanta_falcons","C",76
2010,"atlanta_falcons","CB",75
2010,"atlanta_falcons","CB",73
2010,"atlanta_falcons","CB",69
2010,"atlanta_falcons","CB",61
2010,"atlanta_falcons","CB",46
2010,"atlanta_falcons","DT",78
2010,"atlanta_falcons","DT",73
2010,"atlanta_falcons","DT",64
2010,"atlanta_falcons","DT",62
2010,"atlanta_falcons","DT",58
2010,"atlanta_falcons","FB",86
2010,"atlanta_falcons","FS",78
2010,"atlanta_falcons","FS",75
2010,"atlanta_falcons","HB",95
2010,"atlanta_falcons","HB",79
2010,"atlanta_falcons","HB",64
2010,"atlanta_falcons","HB",63
2010,"atlanta_falcons","K",92
2010,"atlanta_falcons","LE",70
2010,"atlanta_falcons","LE",60
2010,"atlanta_falcons","LG",73
2010,"atlanta_falcons","LG",70
2010,"atlanta_falcons","LOLB",80
2010,"atlanta_falcons","LOLB",66
2010,"atlanta_falcons","LT",84
2010,"atlanta_falcons","LT",63
2010,"atlanta_falcons","MLB",80
2010,"atlanta_falcons","MLB",62
2010,"atlanta_falcons","MLB",55
2010,"atlanta_falcons","P",80
2010,"atlanta_falcons","QB",85
2010,"atlanta_falcons","QB",55
2010,"atlanta_falcons","QB",42
2010,"atlanta_falcons","RE",95
2010,"atlanta_falcons","RE",74
2010,"atlanta_falcons","RE",70
2010,"atlanta_falcons","RE",60
2010,"atlanta_falcons","RG",77
2010,"atlanta_falcons","ROLB",59
2010,"atlanta_falcons","ROLB",54
2010,"atlanta_falcons","RT",81
2010,"atlanta_falcons","RT",60
2010,"atlanta_falcons","SS",64
2010,"atlanta_falcons","SS",64
2010,"atlanta_falcons","TE",98
2010,"atlanta_falcons","TE",72
2010,"atlanta_falcons","TE",64
2010,"atlanta_falcons","WR",93
2010,"atlanta_falcons","WR",79
2010,"atlanta_falcons","WR",68
2010,"atlanta_falcons","WR",67
2010,"atlanta_falcons","WR",64
2010,"baltimore_ravens","C",88
2010,"baltimore_ravens","C",78
2010,"baltimore_ravens","CB",82
2010,"baltimore_ravens","CB",77
2010,"baltimore_ravens","CB",75
2010,"baltimore_ravens","CB",71
2010,"baltimore_ravens","CB",65
2010,"baltimore_ravens","CB",49
2010,"baltimore_ravens","DT",77
2010,"baltimore_ravens","DT",65
2010,"baltimore_ravens","DT",64
2010,"baltimore_ravens","FB",92
2010,"baltimore_ravens","FS",99
2010,"baltimore_ravens","FS",62
2010,"baltimore_ravens","HB",83
2010,"baltimore_ravens","HB",78
2010,"baltimore_ravens","HB",68
2010,"baltimore_ravens","K",59
2010,"baltimore_ravens","LE",83
2010,"baltimore_ravens","LE",71
2010,"baltimore_ravens","LG",84
2010,"baltimore_ravens","LG",69
2010,"baltimore_ravens","LOLB",79
2010,"baltimore_ravens","LOLB",71
2010,"baltimore_ravens","LOLB",50
2010,"baltimore_ravens","LT",79
2010,"baltimore_ravens","LT",77
2010,"baltimore_ravens","LT",68
2010,"baltimore_ravens","MLB",97
2010,"baltimore_ravens","MLB",65
2010,"baltimore_ravens","MLB",63
2010,"baltimore_ravens","MLB",63
2010,"baltimore_ravens","P",86
2010,"baltimore_ravens","QB",81
2010,"baltimore_ravens","QB",59
2010,"baltimore_ravens","QB",48
2010,"baltimore_ravens","RE",90
2010,"baltimore_ravens","RE",74
2010,"baltimore_ravens","RG",77
2010,"baltimore_ravens","RG",62
2010,"baltimore_ravens","ROLB",90
2010,"baltimore_ravens","ROLB",70
2010,"baltimore_ravens","RT",82
2010,"baltimore_ravens","RT",72
2010,"baltimore_ravens","SS",71
2010,"baltimore_ravens","SS",63
2010,"baltimore_ravens","TE",84
2010,"baltimore_ravens","TE",77
2010,"baltimore_ravens","TE",65
2010,"baltimore_ravens","WR",88
2010,"baltimore_ravens","WR",77
2010,"baltimore_ravens","WR",66
2010,"baltimore_ravens","WR",49
2010,"baltimore_ravens","WR",39
2010,"buffalo_bills","C",74
2010,"buffalo_bills","C",62
2010,"buffalo_bills","CB",82
2010,"buffalo_bills","CB",78
2010,"buffalo_bills","CB",67
2010,"buffalo_bills","CB",66
2010,"buffalo_bills","CB",62
2010,"buffalo_bills","CB",55
2010,"buffalo_bills","DT",92
2010,"buffalo_bills","DT",76
2010,"buffalo_bills","DT",70
2010,"buffalo_bills","DT",67
2010,"buffalo_bills","FB",70
2010,"buffalo_bills","FS",73
2010,"buffalo_bills","FS",72
2010,"buffalo_bills","FS",69
2010,"buffalo_bills","HB",87
2010,"buffalo_bills","HB",77
2010,"buffalo_bills","HB",74
2010,"buffalo_bills","K",79
2010,"buffalo_bills","LE",78
2010,"buffalo_bills","LE",68
2010,"buffalo_bills","LG",75
2010,"buffalo_bills","LG",71
2010,"buffalo_bills","LOLB",68
2010,"buffalo_bills","LOLB",58
2010,"buffalo_bills","LOLB",56
2010,"buffalo_bills","LT",78
2010,"buffalo_bills","LT",52
2010,"buffalo_bills","MLB",82
2010,"buffalo_bills","MLB",70
2010,"buffalo_bills","P",89
2010,"buffalo_bills","QB",76
2010,"buffalo_bills","QB",65
2010,"buffalo_bills","RE",86
2010,"buffalo_bills","RE",78
2010,"buffalo_bills","RG",76
2010,"buffalo_bills","RG",76
2010,"buffalo_bills","ROLB",81
2010,"buffalo_bills","ROLB",62
2010,"buffalo_bills","RT",71
2010,"buffalo_bills","RT",65
2010,"buffalo_bills","SS",85
2010,"buffalo_bills","SS",64
2010,"buffalo_bills","SS",64
2010,"buffalo_bills","TE",67
2010,"buffalo_bills","TE",67
2010,"buffalo_bills","TE",66
2010,"buffalo_bills","WR",91
2010,"buffalo_bills","WR",85
2010,"buffalo_bills","WR",77
2010,"buffalo_bills","WR",66
2010,"buffalo_bills","WR",61
2010,"buffalo_bills","WR",61
2010,"carolina_panthers","C",82
2010,"carolina_panthers","C",58
2010,"carolina_panthers","CB",83
2010,"carolina_panthers","CB",76
2010,"carolina_panthers","CB",63
2010,"carolina_panthers","CB",58
2010,"carolina_panthers","CB",54
2010,"carolina_panthers","DT",78
2010,"carolina_panthers","DT",77
2010,"carolina_panthers","DT",65
2010,"carolina_panthers","DT",60
2010,"carolina_panthers","DT",57
2010,"carolina_panthers","FB",80
2010,"carolina_panthers","FB",70
2010,"carolina_panthers","FS",72
2010,"carolina_panthers","FS",68
2010,"carolina_panthers","FS",61
2010,"carolina_panthers","HB",94
2010,"carolina_panthers","HB",85
2010,"carolina_panthers","HB",66
2010,"carolina_panthers","K",91
2010,"carolina_panthers","LE",68
2010,"carolina_panthers","LE",68
2010,"carolina_panthers","LG",83
2010,"carolina_panthers","LG",66
2010,"carolina_panthers","LOLB",85
2010,"carolina_panthers","LOLB",61
2010,"carolina_panthers","LT",95
2010,"carolina_panthers","LT",61
2010,"carolina_panthers","MLB",92
2010,"carolina_panthers","MLB",62
2010,"carolina_panthers","P",76
2010,"carolina_panthers","QB",80
2010,"carolina_panthers","QB",59
2010,"carolina_panthers","QB",55
2010,"carolina_panthers","RE",97
2010,"carolina_panthers","RE",77
2010,"carolina_panthers","RE",61
2010,"carolina_panthers","RG",74
2010,"carolina_panthers","RG",70
2010,"carolina_panthers","ROLB",69
2010,"carolina_panthers","ROLB",67
2010,"carolina_panthers","RT",86
2010,"carolina_panthers","RT",63
2010,"carolina_panthers","SS",76
2010,"carolina_panthers","SS",58
2010,"carolina_panthers","TE",73
2010,"carolina_panthers","TE",69
2010,"carolina_panthers","TE",69
2010,"carolina_panthers","WR",97
2010,"carolina_panthers","WR",79
2010,"carolina_panthers","WR",65
2010,"carolina_panthers","WR",57
2010,"carolina_panthers","WR",52
2010,"chicago_bears","C",87
2010,"chicago_bears","C",63
2010,"chicago_bears","CB",82
2010,"chicago_bears","CB",75
2010,"chicago_bears","CB",74
2010,"chicago_bears","CB",65
2010,"chicago_bears","CB",60
2010,"chicago_bears","CB",53
2010,"chicago_bears","DT",92
2010,"chicago_bears","DT",72
2010,"chicago_bears","DT",69
2010,"chicago_bears","DT",68
2010,"chicago_bears","DT",65
2010,"chicago_bears","FB",82
2010,"chicago_bears","FB",70
2010,"chicago_bears","FS",76
2010,"chicago_bears","FS",70
2010,"chicago_bears","HB",89
2010,"chicago_bears","HB",72
2010,"chicago_bears","HB",69
2010,"chicago_bears","HB",69
2010,"chicago_bears","K",94
2010,"chicago_bears","LE",83
2010,"chicago_bears","LE",65
2010,"chicago_bears","LG",75
2010,"chicago_bears","LG",60
2010,"chicago_bears","LOLB",68
2010,"chicago_bears","LOLB",63
2010,"chicago_bears","LOLB",57
2010,"chicago_bears","LT",87
2010,"chicago_bears","LT",73
2010,"chicago_bears","MLB",94
2010,"chicago_bears","MLB",68
2010,"chicago_bears","P",77
2010,"chicago_bears","QB",87
2010,"chicago_bears","QB",45
2010,"chicago_bears","RE",78
2010,"chicago_bears","RE",71
2010,"chicago_bears","RG",80
2010,"chicago_bears","RG",72
2010,"chicago_bears","ROLB",95
2010,"chicago_bears","ROLB",57
2010,"chicago_bears","RT",79
2010,"chicago_bears","RT",74
2010,"chicago_bears","SS",76
2010,"chicago_bears","SS",60
2010,"chicago_bears","TE",82
2010,"chicago_bears","TE",79
2010,"chicago_bears","TE",64
2010,"chicago_bears","WR",72
2010,"chicago_bears","WR",71
2010,"chicago_bears","WR",69
2010,"chicago_bears","WR",69
2010,"chicago_bears","WR",62
2010,"cincinnati_bengals","C",71
2010,"cincinnati_bengals","C",68
2010,"cincinnati_bengals","CB",76
2010,"cincinnati_bengals","CB",75
2010,"cincinnati_bengals","CB",57
2010,"cincinnati_bengals","CB",57
2010,"cincinnati_bengals","CB",53
2010,"cincinnati_bengals","DT",80
2010,"cincinnati_bengals","DT",76
2010,"cincinnati_bengals","DT",70
2010,"cincinnati_bengals","FB",74
2010,"cincinnati_bengals","FB",67
2010,"cincinnati_bengals","FS",73
2010,"cincinnati_bengals","FS",63
2010,"cincinnati_bengals","HB",76
2010,"cincinnati_bengals","HB",68
2010,"cincinnati_bengals","HB",65
2010,"cincinnati_bengals","HB",63
2010,"cincinnati_bengals","K",87
2010,"cincinnati_bengals","LE",76
2010,"cincinnati_bengals","LE",62
2010,"cincinnati_bengals","LG",78
2010,"cincinnati_bengals","LG",58
2010,"cincinnati_bengals","LOLB",74
2010,"cincinnati_bengals","LOLB",61
2010,"cincinnati_bengals","LT",81
2010,"cincinnati_bengals","MLB",79
2010,"cincinnati_bengals","MLB",75
2010,"cincinnati_bengals","MLB",66
2010,"cincinnati_bengals","P",68
2010,"cincinnati_bengals","QB",88
2010,"cincinnati_bengals","QB",60
2010,"cincinnati_bengals","QB",53
2010,"cincinnati_bengals","RE",75
2010,"cincinnati_bengals","RE",72
2010,"cincinnati_bengals","RE",60
2010,"cincinnati_bengals","RG",78
2010,"cincinnati_bengals","RG",70
2010,"cincinnati_bengals","ROLB",78
2010,"cincinnati_bengals","ROLB",48
2010,"cincinnati_bengals","RT",76
2010,"cincinnati_bengals","RT",62
2010,"cincinnati_bengals","SS",79
2010,"cincinnati_bengals","SS",74
2010,"cincinnati_bengals","SS",62
2010,"cincinnati_bengals","TE",74
2010,"cincinnati_bengals","TE",71
2010,"cincinnati_bengals","TE",68
2010,"cincinnati_bengals","WR",89
2010,"cincinnati_bengals","WR",87
2010,"cincinnati_bengals","WR",69
2010,"cincinnati_bengals","WR",59
2010,"cincinnati_bengals","WR",58
2010,"cincinnati_bengals","WR",57
2010,"cleveland_browns","C",79
2010,"cleveland_browns","C",79
2010,"cleveland_browns","CB",79
2010,"cleveland_browns","CB",71
2010,"cleveland_browns","CB",69
2010,"cleveland_browns","CB",68
2010,"cleveland_browns","CB",65
2010,"cleveland_browns","CB",61
2010,"cleveland_browns","DT",92
2010,"cleveland_browns","DT",61
2010,"cleveland_browns","FB",88
2010,"cleveland_browns","FS",72
2010,"cleveland_browns","FS",65
2010,"cleveland_browns","HB",85
2010,"cleveland_browns","HB",71
2010,"cleveland_browns","HB",68
2010,"cleveland_browns","HB",67
2010,"cleveland_browns","K",80
2010,"cleveland_browns","LE",79
2010,"cleveland_browns","LE",77
2010,"cleveland_browns","LE",59
2010,"cleveland_browns","LG",93
2010,"cleveland_browns","LOLB",67
2010,"cleveland_browns","LOLB",61
2010,"cleveland_browns","LT",97
2010,"cleveland_browns","LT",65
2010,"cleveland_browns","MLB",86
2010,"cleveland_browns","MLB",79
2010,"cleveland_browns","MLB",71
2010,"cleveland_browns","MLB",59
2010,"cleveland_browns","P",77
2010,"cleveland_browns","QB",71
2010,"cleveland_browns","QB",70
2010,"cleveland_browns","QB",51
2010,"cleveland_browns","RE",81
2010,"cleveland_browns","RE",74
2010,"cleveland_browns","RG",76
2010,"cleveland_browns","RG",72
2010,"cleveland_browns","ROLB",78
2010,"cleveland_browns","ROLB",68
2010,"cleveland_browns","ROLB",50
2010,"cleveland_browns","RT",78
2010,"cleveland_browns","RT",73
2010,"cleveland_browns","SS",77
2010,"cleveland_browns","SS",52
2010,"cleveland_browns","TE",75
2010,"cleveland_browns","TE",74
2010,"cleveland_browns","TE",70
2010,"cleveland_browns","WR",86
2010,"cleveland_browns","WR",73
2010,"cleveland_browns","WR",71
2010,"cleveland_browns","WR",69
2010,"cleveland_browns","WR",63
2010,"cleveland_browns","WR",43
2010,"dallas_cowboys","C",93
2010,"dallas_cowboys","C",56
2010,"dallas_cowboys","CB",88
2010,"dallas_cowboys","CB",73
2010,"dallas_cowboys","CB",71
2010,"dallas_cowboys","CB",67
2010,"dallas_cowboys","CB",45
2010,"dallas_cowboys","DT",87
2010,"dallas_cowboys","DT",63
2010,"dallas_cowboys","DT",58
2010,"dallas_cowboys","FB",76
2010,"dallas_cowboys","FS",84
2010,"dallas_cowboys","FS",59
2010,"dallas_cowboys","FS",58
2010,"dallas_cowboys","HB",88
2010,"dallas_cowboys","HB",78
2010,"dallas_cowboys","HB",76
2010,"dallas_cowboys","K",87
2010,"dallas_cowboys","LE",71
2010,"dallas_cowboys","LE",48
2010,"dallas_cowboys","LG",83
2010,"dallas_cowboys","LG",64
2010,"dallas_cowboys","LOLB",80
2010,"dallas_cowboys","LOLB",72
2010,"dallas_cowboys","LT",88
2010,"dallas_cowboys","LT",71
2010,"dallas_cowboys","LT",67
2010,"dallas_cowboys","MLB",86
2010,"dallas_cowboys","MLB",82
2010,"dallas_cowboys","MLB",62
2010,"dallas_cowboys","MLB",54
2010,"dallas_cowboys","P",95
2010,"dallas_cowboys","QB",87
2010,"dallas_cowboys","QB",68
2010,"dallas_cowboys","QB",59
2010,"dallas_cowboys","RE",80
2010,"dallas_cowboys","RE",59
2010,"dallas_cowboys","RG",92
2010,"dallas_cowboys","RG",71
2010,"dallas_cowboys","ROLB",98
2010,"dallas_cowboys","ROLB",55
2010,"dallas_cowboys","RT",81
2010,"dallas_cowboys","RT",69
2010,"dallas_cowboys","SS",73
2010,"dallas_cowboys","SS",68
2010,"dallas_cowboys","SS",67
2010,"dallas_cowboys","TE",97
2010,"dallas_cowboys","TE",75
2010,"dallas_cowboys","TE",64
2010,"dallas_cowboys","WR",84
2010,"dallas_cowboys","WR",73
2010,"dallas_cowboys","WR",71
2010,"dallas_cowboys","WR",65
2010,"dallas_cowboys","WR",63
2010,"denver_broncos","C",87
2010,"denver_broncos","C",71
2010,"denver_broncos","C",62
2010,"denver_broncos","CB",96
2010,"denver_broncos","CB",76
2010,"denver_broncos","CB",76
2010,"denver_broncos","CB",61
2010,"denver_broncos","CB",58
2010,"denver_broncos","DT",71
2010,"denver_broncos","DT",71
2010,"denver_broncos","DT",64
2010,"denver_broncos","FB",84
2010,"denver_broncos","FS",72
2010,"denver_broncos","FS",72
2010,"denver_broncos","FS",62
2010,"denver_broncos","HB",81
2010,"denver_broncos","HB",78
2010,"denver_broncos","HB",73
2010,"denver_broncos","HB",66
2010,"denver_broncos","K",58
2010,"denver_broncos","LE",70
2010,"denver_broncos","LE",66
2010,"denver_broncos","LG",81
2010,"denver_broncos","LG",63
2010,"denver_broncos","LOLB",66
2010,"denver_broncos","LOLB",65
2010,"denver_broncos","LT",88
2010,"denver_broncos","LT",67
2010,"denver_broncos","MLB",75
2010,"denver_broncos","MLB",68
2010,"denver_broncos","MLB",65
2010,"denver_broncos","MLB",63
2010,"denver_broncos","P",64
2010,"denver_broncos","QB",74
2010,"denver_broncos","QB",66
2010,"denver_broncos","QB",60
2010,"denver_broncos","RE",72
2010,"denver_broncos","RE",61
2010,"denver_broncos","RG",78
2010,"denver_broncos","RG",69
2010,"denver_broncos","ROLB",86
2010,"denver_broncos","ROLB",74
2010,"denver_broncos","RT",73
2010,"denver_broncos","RT",68
2010,"denver_broncos","SS",92
2010,"denver_broncos","SS",59
2010,"denver_broncos","TE",83
2010,"denver_broncos","TE",79
2010,"denver_broncos","TE",69
2010,"denver_broncos","WR",92
2010,"denver_broncos","WR",82
2010,"denver_broncos","WR",74
2010,"denver_broncos","WR",71
2010,"denver_broncos","WR",56
2010,"detroit_lions","C",80
2010,"detroit_lions","C",68
2010,"detroit_lions","CB",78
2010,"detroit_lions","CB",76
2010,"detroit_lions","CB",62
2010,"detroit_lions","CB",60
2010,"detroit_lions","CB",57
2010,"detroit_lions","DT",76
2010,"detroit_lions","DT",72
2010,"detroit_lions","DT",61
2010,"detroit_lions","DT",61
2010,"detroit_lions","FB",79
2010,"detroit_lions","FB",68
2010,"detroit_lions","FS",77
2010,"detroit_lions","FS",68
2010,"detroit_lions","HB",80
2010,"detroit_lions","HB",75
2010,"detroit_lions","HB",64
2010,"detroit_lions","HB",60
2010,"detroit_lions","K",95
2010,"detroit_lions","LE",71
2010,"detroit_lions","LE",64
2010,"detroit_lions","LG",70
2010,"detroit_lions","LG",68
2010,"detroit_lions","LOLB",90
2010,"detroit_lions","LOLB",59
2010,"detroit_lions","LT",77
2010,"detroit_lions","LT",67
2010,"detroit_lions","MLB",78
2010,"detroit_lions","MLB",63
2010,"detroit_lions","P",67
2010,"detroit_lions","QB",79
2010,"detroit_lions","QB",72
2010,"detroit_lions","QB",47
2010,"detroit_lions","RE",77
2010,"detroit_lions","RE",71
2010,"detroit_lions","RG",78
2010,"detroit_lions","RG",70
2010,"detroit_lions","ROLB",88
2010,"detroit_lions","ROLB",56
2010,"detroit_lions","RT",79
2010,"detroit_lions","RT",66
2010,"detroit_lions","RT",65
2010,"detroit_lions","SS",70
2010,"detroit_lions","SS",61
2010,"detroit_lions","TE",80
2010,"detroit_lions","TE",70
2010,"detroit_lions","TE",66
2010,"detroit_lions","WR",92
2010,"detroit_lions","WR",74
2010,"detroit_lions","WR",71
2010,"detroit_lions","WR",68
2010,"detroit_lions","WR",60
2010,"detroit_lions","WR",54
2010,"free_agents","CB",86
2010,"free_agents","CB",77
2010,"free_agents","CB",77
2010,"free_agents","CB",77
2010,"free_agents","CB",76
2010,"free_agents","DL",77
2010,"free_agents","DL",71
2010,"free_agents","HB",84
2010,"free_agents","HB",75
2010,"free_agents","HB",71
2010,"free_agents","K",85
2010,"free_agents","K",84
2010,"free_agents","LB",77
2010,"free_agents","LB",71
2010,"free_agents","OL",81
2010,"free_agents","OL",80
2010,"free_agents","OL",79
2010,"free_agents","OL",79
2010,"free_agents","OL",77
2010,"free_agents","OL",77
2010,"free_agents","OL",76
2010,"free_agents","OL",76
2010,"free_agents","S",80
2010,"free_agents","S",78
2010,"free_agents","WR",86
2010,"free_agents","WR",82
2010,"free_agents","WR",77
2010,"free_agents","WR",71
2010,"green_bay_packers","C",79
2010,"green_bay_packers","C",73
2010,"green_bay_packers","CB",93
2010,"green_bay_packers","CB",90
2010,"green_bay_packers","CB",73
2010,"green_bay_packers","CB",66
2010,"green_bay_packers","CB",63
2010,"green_bay_packers","CB",61
2010,"green_bay_packers","DT",81
2010,"green_bay_packers","DT",78
2010,"green_bay_packers","DT",72
2010,"green_bay_packers","FB",72
2010,"green_bay_packers","FB",67
2010,"green_bay_packers","FS",93
2010,"green_bay_packers","FS",54
2010,"green_bay_packers","HB",85
2010,"green_bay_packers","HB",70
2010,"green_bay_packers","HB",61
2010,"green_bay_packers","K",72
2010,"green_bay_packers","LE",82
2010,"green_bay_packers","LE",56
2010,"green_bay_packers","LG",72
2010,"green_bay_packers","LG",71
2010,"green_bay_packers","LG",65
2010,"green_bay_packers","LOLB",93
2010,"green_bay_packers","LOLB",50
2010,"green_bay_packers","LT",86
2010,"green_bay_packers","LT",71
2010,"green_bay_packers","MLB",84
2010,"green_bay_packers","MLB",78
2010,"green_bay_packers","MLB",60
2010,"green_bay_packers","MLB",58
2010,"green_bay_packers","P",59
2010,"green_bay_packers","QB",86
2010,"green_bay_packers","QB",54
2010,"green_bay_packers","QB",50
2010,"green_bay_packers","RE",68
2010,"green_bay_packers","RE",63
2010,"green_bay_packers","RG",83
2010,"green_bay_packers","RG",69
2010,"green_bay_packers","ROLB",77
2010,"green_bay_packers","ROLB",68
2010,"green_bay_packers","ROLB",62
2010,"green_bay_packers","RT",63
2010,"green_bay_packers","RT",58
2010,"green_bay_packers","SS",80
2010,"green_bay_packers","SS",66
2010,"green_bay_packers","TE",77
2010,"green_bay_packers","TE",70
2010,"green_bay_packers","WR",90
2010,"green_bay_packers","WR",85
2010,"green_bay_packers","WR",71
2010,"green_bay_packers","WR",69
2010,"green_bay_packers","WR",66
2010,"houston_texans","C",75
2010,"houston_texans","C",70
2010,"houston_texans","C",63
2010,"houston_texans","CB",84
2010,"houston_texans","CB",73
2010,"houston_texans","CB",72
2010,"houston_texans","CB",65
2010,"houston_texans","CB",61
2010,"houston_texans","CB",57
2010,"houston_texans","DT",81
2010,"houston_texans","DT",68
2010,"houston_texans","DT",66
2010,"houston_texans","DT",63
2010,"houston_texans","DT",58
2010,"houston_texans","FB",77
2010,"houston_texans","FS",74
2010,"houston_texans","FS",57
2010,"houston_texans","HB",87
2010,"houston_texans","HB",69
2010,"houston_texans","HB",67
2010,"houston_texans","K",79
2010,"houston_texans","LE",84
2010,"houston_texans","LE",75
2010,"houston_texans","LG",80
2010,"houston_texans","LG",64
2010,"houston_texans","LOLB",78
2010,"houston_texans","LOLB",64
2010,"houston_texans","LOLB",63
2010,"houston_texans","LT",79
2010,"houston_texans","MLB",88
2010,"houston_texans","MLB",59
2010,"houston_texans","P",70
2010,"houston_texans","QB",77
2010,"houston_texans","QB",63
2010,"houston_texans","QB",38
2010,"houston_texans","RE",95
2010,"houston_texans","RE",62
2010,"houston_texans","RG",71
2010,"houston_texans","ROLB",68
2010,"houston_texans","ROLB",67
2010,"houston_texans","ROLB",59
2010,"houston_texans","RT",84
2010,"houston_texans","RT",69
2010,"houston_texans","SS",70
2010,"houston_texans","SS",58
2010,"houston_texans","TE",86
2010,"houston_texans","TE",71
2010,"houston_texans","TE",68
2010,"houston_texans","TE",64
2010,"houston_texans","WR",98
2010,"houston_texans","WR",80
2010,"houston_texans","WR",63
2010,"houston_texans","WR",63
2010,"houston_texans","WR",53
2010,"indianapolis_colts","C",93
2010,"indianapolis_colts","C",70
2010,"indianapolis_colts","CB",87
2010,"indianapolis_colts","CB",82
2010,"indianapolis_colts","CB",68
2010,"indianapolis_colts","CB",64
2010,"indianapolis_colts","CB",59
2010,"indianapolis_colts","CB",50
2010,"indianapolis_colts","DT",71
2010,"indianapolis_colts","DT",70
2010,"indianapolis_colts","DT",69
2010,"indianapolis_colts","DT",65
2010,"indianapolis_colts","DT",57
2010,"indianapolis_colts","FB",70
2010,"indianapolis_colts","FB",68
2010,"indianapolis_colts","FS",88
2010,"indianapolis_colts","FS",64
2010,"indianapolis_colts","HB",85
2010,"indianapolis_colts","HB",77
2010,"indianapolis_colts","HB",65
2010,"indianapolis_colts","K",79
2010,"indianapolis_colts","LE",92
2010,"indianapolis_colts","LE",85
2010,"indianapolis_colts","LG",82
2010,"indianapolis_colts","LG",81
2010,"indianapolis_colts","LG",71
2010,"indianapolis_colts","LOLB",65
2010,"indianapolis_colts","LOLB",62
2010,"indianapolis_colts","LOLB",57
2010,"indianapolis_colts","LT",76
2010,"indianapolis_colts","LT",61
2010,"indianapolis_colts","MLB",82
2010,"indianapolis_colts","MLB",60
2010,"indianapolis_colts","P",66
2010,"indianapolis_colts","QB",99
2010,"indianapolis_colts","QB",62
2010,"indianapolis_colts","QB",47
2010,"indianapolis_colts","RE",94
2010,"indianapolis_colts","RE",59
2010,"indianapolis_colts","RG",80
2010,"indianapolis_colts","RG",62
2010,"indianapolis_colts","ROLB",65
2010,"indianapolis_colts","ROLB",64
2010,"indianapolis_colts","RT",89
2010,"indianapolis_colts","RT",60
2010,"indianapolis_colts","SS",95
2010,"indianapolis_colts","SS",67
2010,"indianapolis_colts","TE",91
2010,"indianapolis_colts","TE",72
2010,"indianapolis_colts","WR",95
2010,"indianapolis_colts","WR",75
2010,"indianapolis_colts","WR",68
2010,"indianapolis_colts","WR",54
2010,"indianapolis_colts","WR",54
2010,"jacksonville_jaguars","C",83
2010,"jacksonville_jaguars","C",64
2010,"jacksonville_jaguars","CB",93
2010,"jacksonville_jaguars","CB",78
2010,"jacksonville_jaguars","CB",66
2010,"jacksonville_jaguars","CB",65
2010,"jacksonville_jaguars","CB",57
2010,"jacksonville_jaguars","CB",48
2010,"jacksonville_jaguars","DT",88
2010,"jacksonville_jaguars","DT",69
2010,"jacksonville_jaguars","DT",68
2010,"jacksonville_jaguars","DT",51
2010,"jacksonville_jaguars","FB",90
2010,"jacksonville_jaguars","FB",68
2010,"jacksonville_jaguars","FS",83
2010,"jacksonville_jaguars","HB",89
2010,"jacksonville_jaguars","HB",69
2010,"jacksonville_jaguars","HB",67
2010,"jacksonville_jaguars","HB",62
2010,"jacksonville_jaguars","K",69
2010,"jacksonville_jaguars","LE",70
2010,"jacksonville_jaguars","LE",52
2010,"jacksonville_jaguars","LG",82
2010,"jacksonville_jaguars","LG",66
2010,"jacksonville_jaguars","LOLB",75
2010,"jacksonville_jaguars","LOLB",63
2010,"jacksonville_jaguars","LT",88
2010,"jacksonville_jaguars","LT",82
2010,"jacksonville_jaguars","LT",67
2010,"jacksonville_jaguars","MLB",85
2010,"jacksonville_jaguars","MLB",49
2010,"jacksonville_jaguars","P",64
2010,"jacksonville_jaguars","QB",78
2010,"jacksonville_jaguars","QB",47
2010,"jacksonville_jaguars","RE",75
2010,"jacksonville_jaguars","RE",68
2010,"jacksonville_jaguars","RG",83
2010,"jacksonville_jaguars","RG",70
2010,"jacksonville_jaguars","ROLB",72
2010,"jacksonville_jaguars","ROLB",50
2010,"jacksonville_jaguars","RT",78
2010,"jacksonville_jaguars","RT",75
2010,"jacksonville_jaguars","SS",66
2010,"jacksonville_jaguars","SS",65
2010,"jacksonville_jaguars","TE",78
2010,"jacksonville_jaguars","TE",68
2010,"jacksonville_jaguars","TE",63
2010,"jacksonville_jaguars","WR",84
2010,"jacksonville_jaguars","WR",70
2010,"jacksonville_jaguars","WR",68
2010,"jacksonville_jaguars","WR",67
2010,"jacksonville_jaguars","WR",60
2010,"jacksonville_jaguars","WR",59
2010,"jacksonville_jaguars","WR",58
2010,"kansas_city_chiefs","C",75
2010,"kansas_city_chiefs","C",69
2010,"kansas_city_chiefs","CB",77
2010,"kansas_city_chiefs","CB",71
2010,"kansas_city_chiefs","CB",63
2010,"kansas_city_chiefs","CB",59
2010,"kansas_city_chiefs","CB",56
2010,"kansas_city_chiefs","DT",69
2010,"kansas_city_chiefs","DT",67
2010,"kansas_city_chiefs","DT",65
2010,"kansas_city_chiefs","FB",70
2010,"kansas_city_chiefs","FS",77
2010,"kansas_city_chiefs","FS",56
2010,"kansas_city_chiefs","HB",88
2010,"kansas_city_chiefs","HB",68
2010,"kansas_city_chiefs","HB",68
2010,"kansas_city_chiefs","HB",64
2010,"kansas_city_chiefs","K",66
2010,"kansas_city_chiefs","LE",77
2010,"kansas_city_chiefs","LE",67
2010,"kansas_city_chiefs","LE",61
2010,"kansas_city_chiefs","LG",94
2010,"kansas_city_chiefs","LG",65
2010,"kansas_city_chiefs","LOLB",65
2010,"kansas_city_chiefs","LOLB",56
2010,"kansas_city_chiefs","LT",84
2010,"kansas_city_chiefs","LT",71
2010,"kansas_city_chiefs","MLB",83
2010,"kansas_city_chiefs","MLB",81
2010,"kansas_city_chiefs","MLB",80
2010,"kansas_city_chiefs","MLB",61
2010,"kansas_city_chiefs","MLB",54
2010,"kansas_city_chiefs","P",78
2010,"kansas_city_chiefs","QB",83
2010,"kansas_city_chiefs","QB",66
2010,"kansas_city_chiefs","QB",56
2010,"kansas_city_chiefs","RE",75
2010,"kansas_city_chiefs","RE",69
2010,"kansas_city_chiefs","RG",80
2010,"kansas_city_chiefs","RG",66
2010,"kansas_city_chiefs","ROLB",69
2010,"kansas_city_chiefs","ROLB",65
2010,"kansas_city_chiefs","RT",71
2010,"kansas_city_chiefs","RT",59
2010,"kansas_city_chiefs","SS",78
2010,"kansas_city_chiefs","SS",62
2010,"kansas_city_chiefs","TE",72
2010,"kansas_city_chiefs","TE",68
2010,"kansas_city_chiefs","WR",86
2010,"kansas_city_chiefs","WR",76
2010,"kansas_city_chiefs","WR",69
2010,"kansas_city_chiefs","WR",66
2010,"kansas_city_chiefs","WR",66
2010,"kansas_city_chiefs","WR",51
2010,"miami_dolphins","C",81
2010,"miami_dolphins","CB",77
2010,"miami_dolphins","CB",75
2010,"miami_dolphins","CB",75
2010,"miami_dolphins","CB",70
2010,"miami_dolphins","CB",65
2010,"miami_dolphins","CB",55
2010,"miami_dolphins","DT",76
2010,"miami_dolphins","DT",63
2010,"miami_dolphins","DT",60
2010,"miami_dolphins","FB",71
2010,"miami_dolphins","FS",84
2010,"miami_dolphins","FS",64
2010,"miami_dolphins","FS",63
2010,"miami_dolphins","HB",89
2010,"miami_dolphins","HB",77
2010,"miami_dolphins","HB",67
2010,"miami_dolphins","K",63
2010,"miami_dolphins","LE",71
2010,"miami_dolphins","LE",67
2010,"miami_dolphins","LG",85
2010,"miami_dolphins","LG",73
2010,"miami_dolphins","LOLB",79
2010,"miami_dolphins","LOLB",67
2010,"miami_dolphins","LOLB",55
2010,"miami_dolphins","LT",91
2010,"miami_dolphins","LT",70
2010,"miami_dolphins","MLB",81
2010,"miami_dolphins","MLB",71
2010,"miami_dolphins","MLB",65
2010,"miami_dolphins","MLB",58
2010,"miami_dolphins","P",60
2010,"miami_dolphins","QB",85
2010,"miami_dolphins","QB",66
2010,"miami_dolphins","QB",65
2010,"miami_dolphins","RE",69
2010,"miami_dolphins","RE",67
2010,"miami_dolphins","RE",50
2010,"miami_dolphins","RG",67
2010,"miami_dolphins","RG",57
2010,"miami_dolphins","ROLB",94
2010,"miami_dolphins","ROLB",65
2010,"miami_dolphins","RT",86
2010,"miami_dolphins","SS",81
2010,"miami_dolphins","SS",64
2010,"miami_dolphins","TE",83
2010,"miami_dolphins","TE",71
2010,"miami_dolphins","TE",68
2010,"miami_dolphins","WR",78
2010,"miami_dolphins","WR",74
2010,"miami_dolphins","WR",73
2010,"miami_dolphins","WR",67
2010,"miami_dolphins","WR",65
2010,"miami_dolphins","WR",62
2010,"minnesota_vikings","C",73
2010,"minnesota_vikings","CB",88
2010,"minnesota_vikings","CB",80
2010,"minnesota_vikings","CB",69
2010,"minnesota_vikings","CB",66
2010,"minnesota_vikings","CB",65
2010,"minnesota_vikings","CB",65
2010,"minnesota_vikings","DT",97
2010,"minnesota_vikings","DT",91
2010,"minnesota_vikings","DT",62
2010,"minnesota_vikings","DT",60
2010,"minnesota_vikings","DT",58
2010,"minnesota_vikings","FB",78
2010,"minnesota_vikings","FS",74
2010,"minnesota_vikings","FS",60
2010,"minnesota_vikings","HB",97
2010,"minnesota_vikings","HB",78
2010,"minnesota_vikings","K",81
2010,"minnesota_vikings","LE",75
2010,"minnesota_vikings","LE",53
2010,"minnesota_vikings","LG",98
2010,"minnesota_vikings","LG",63
2010,"minnesota_vikings","LOLB",66
2010,"minnesota_vikings","LOLB",55
2010,"minnesota_vikings","LT",90
2010,"minnesota_vikings","LT",62
2010,"minnesota_vikings","MLB",80
2010,"minnesota_vikings","MLB",63
2010,"minnesota_vikings","MLB",60
2010,"minnesota_vikings","P",75
2010,"minnesota_vikings","QB",69
2010,"minnesota_vikings","QB",67
2010,"minnesota_vikings","QB",48
2010,"minnesota_vikings","RE",98
2010,"minnesota_vikings","RE",69
2010,"minnesota_vikings","RG",76
2010,"minnesota_vikings","RG",70
2010,"minnesota_vikings","ROLB",83
2010,"minnesota_vikings","ROLB",62
2010,"minnesota_vikings","RT",71
2010,"minnesota_vikings","RT",67
2010,"minnesota_vikings","SS",75
2010,"minnesota_vikings","SS",64
2010,"minnesota_vikings","SS",61
2010,"minnesota_vikings","TE",78
2010,"minnesota_vikings","TE",75
2010,"minnesota_vikings","TE",68
2010,"minnesota_vikings","WR",82
2010,"minnesota_vikings","WR",76
2010,"minnesota_vikings","WR",74
2010,"minnesota_vikings","WR",71
2010,"minnesota_vikings","WR",64
2010,"minnesota_vikings","WR",61
2010,"minnesota_vikings","WR",61
2010,"new_england_patriots","C",91
2010,"new_england_patriots","C",71
2010,"new_england_patriots","CB",81
2010,"new_england_patriots","CB",77
2010,"new_england_patriots","CB",76
2010,"new_england_patriots","CB",64
2010,"new_england_patriots","CB",62
2010,"new_england_patriots","DT",90
2010,"new_england_patriots","DT",73
2010,"new_england_patriots","DT",70
2010,"new_england_patriots","FB",65
2010,"new_england_patriots","FS",82
2010,"new_england_patriots","HB",82
2010,"new_england_patriots","HB",78
2010,"new_england_patriots","HB",75
2010,"new_england_patriots","HB",74
2010,"new_england_patriots","K",89
2010,"new_england_patriots","LE",87
2010,"new_england_patriots","LE",50
2010,"new_england_patriots","LG",94
2010,"new_england_patriots","LG",74
2010,"new_england_patriots","LOLB",67
2010,"new_england_patriots","LOLB",65
2010,"new_england_patriots","LT",92
2010,"new_england_patriots","LT",65
2010,"new_england_patriots","MLB",88
2010,"new_england_patriots","MLB",81
2010,"new_england_patriots","MLB",70
2010,"new_england_patriots","MLB",55
2010,"new_england_patriots","P",71
2010,"new_england_patriots","QB",97
2010,"new_england_patriots","QB",41
2010,"new_england_patriots","RE",95
2010,"new_england_patriots","RE",77
2010,"new_england_patriots","RG",87
2010,"new_england_patriots","RG",66
2010,"new_england_patriots","RG",63
2010,"new_england_patriots","ROLB",90
2010,"new_england_patriots","ROLB",63
2010,"new_england_patriots","RT",84
2010,"new_england_patriots","RT",65
2010,"new_england_patriots","RT",62
2010,"new_england_patriots","SS",79
2010,"new_england_patriots","SS",75
2010,"new_england_patriots","TE",80
2010,"new_england_patriots","TE",76
2010,"new_england_patriots","TE",73
2010,"new_england_patriots","WR",96
2010,"new_england_patriots","WR",91
2010,"new_england_patriots","WR",79
2010,"new_england_patriots","WR",69
2010,"new_england_patriots","WR",68
2010,"new_england_patriots","WR",62
2010,"new_england_patriots","WR",61
2010,"new_orleans_saints","C",67
2010,"new_orleans_saints","C",65
2010,"new_orleans_saints","CB",79
2010,"new_orleans_saints","CB",77
2010,"new_orleans_saints","CB",75
2010,"new_orleans_saints","CB",68
2010,"new_orleans_saints","CB",50
2010,"new_orleans_saints","DT",85
2010,"new_orleans_saints","DT",69
2010,"new_orleans_saints","DT",59
2010,"new_orleans_saints","FB",82
2010,"new_orleans_saints","FS",87
2010,"new_orleans_saints","FS",66
2010,"new_orleans_saints","FS",51
2010,"new_orleans_saints","HB",79
2010,"new_orleans_saints","HB",77
2010,"new_orleans_saints","K",68
2010,"new_orleans_saints","LE",76
2010,"new_orleans_saints","LE",73
2010,"new_orleans_saints","LG",78
2010,"new_orleans_saints","LG",75
2010,"new_orleans_saints","LOLB",68
2010,"new_orleans_saints","LOLB",51
2010,"new_orleans_saints","LT",93
2010,"new_orleans_saints","LT",67
2010,"new_orleans_saints","MLB",87
2010,"new_orleans_saints","MLB",74
2010,"new_orleans_saints","MLB",71
2010,"new_orleans_saints","MLB",44
2010,"new_orleans_saints","P",61
2010,"new_orleans_saints","QB",96
2010,"new_orleans_saints","QB",63
2010,"new_orleans_saints","QB",62
2010,"new_orleans_saints","RE",84
2010,"new_orleans_saints","RE",79
2010,"new_orleans_saints","RG",80
2010,"new_orleans_saints","RG",60
2010,"new_orleans_saints","ROLB",68
2010,"new_orleans_saints","ROLB",59
2010,"new_orleans_saints","ROLB",51
2010,"new_orleans_saints","RT",75
2010,"new_orleans_saints","RT",62
2010,"new_orleans_saints","SS",75
2010,"new_orleans_saints","SS",63
2010,"new_orleans_saints","SS",51
2010,"new_orleans_saints","TE",85
2010,"new_orleans_saints","TE",75
2010,"new_orleans_saints","TE",68
2010,"new_orleans_saints","WR",87
2010,"new_orleans_saints","WR",81
2010,"new_orleans_saints","WR",67
2010,"new_orleans_saints","WR",59
2010,"new_orleans_saints","WR",53
2010,"new_orleans_saints","WR",45
2010,"new_york_giants","C",91
2010,"new_york_giants","CB",90
2010,"new_york_giants","CB",81
2010,"new_york_giants","CB",76
2010,"new_york_giants","CB",67
2010,"new_york_giants","CB",63
2010,"new_york_giants","DT",84
2010,"new_york_giants","DT",83
2010,"new_york_giants","DT",80
2010,"new_york_giants","DT",75
2010,"new_york_giants","DT",65
2010,"new_york_giants","FB",87
2010,"new_york_giants","FS",78
2010,"new_york_giants","HB",90
2010,"new_york_giants","HB",73
2010,"new_york_giants","HB",71
2010,"new_york_giants","HB",66
2010,"new_york_giants","K",66
2010,"new_york_giants","LE",95
2010,"new_york_giants","LE",60
2010,"new_york_giants","LG",87
2010,"new_york_giants","LG",64
2010,"new_york_giants","LOLB",82
2010,"new_york_giants","LOLB",64
2010,"new_york_giants","LT",88
2010,"new_york_giants","LT",76
2010,"new_york_giants","LT",73
2010,"new_york_giants","MLB",86
2010,"new_york_giants","MLB",59
2010,"new_york_giants","MLB",59
2010,"new_york_giants","P",87
2010,"new_york_giants","QB",87
2010,"new_york_giants","QB",62
2010,"new_york_giants","QB",60
2010,"new_york_giants","RE",94
2010,"new_york_giants","RE",85
2010,"new_york_giants","RG",97
2010,"new_york_giants","RG",69
2010,"new_york_giants","ROLB",74
2010,"new_york_giants","ROLB",74
2010,"new_york_giants","ROLB",72
2010,"new_york_giants","RT",88
2010,"new_york_giants","RT",66
2010,"new_york_giants","SS",74
2010,"new_york_giants","SS",70
2010,"new_york_giants","TE",83
2010,"new_york_giants","TE",69
2010,"new_york_giants","TE",69
2010,"new_york_giants","WR",76
2010,"new_york_giants","WR",76
2010,"new_york_giants","WR",70
2010,"new_york_giants","WR",66
2010,"new_york_giants","WR",63
2010,"new_york_giants","WR",60
2010,"new_york_jets","C",94
2010,"new_york_jets","C",61
2010,"new_york_jets","CB",91
2010,"new_york_jets","CB",77
2010,"new_york_jets","CB",72
2010,"new_york_jets","CB",65
2010,"new_york_jets","CB",63
2010,"new_york_jets","CB",48
2010,"new_york_jets","DT",95
2010,"new_york_jets","DT",68
2010,"new_york_jets","DT",66
2010,"new_york_jets","FB",97
2010,"new_york_jets","FB",62
2010,"new_york_jets","FS",92
2010,"new_york_jets","FS",59
2010,"new_york_jets","HB",90
2010,"new_york_jets","HB",79
2010,"new_york_jets","HB",73
2010,"new_york_jets","K",77
2010,"new_york_jets","LE",86
2010,"new_york_jets","LE",56
2010,"new_york_jets","LE",50
2010,"new_york_jets","LG",97
2010,"new_york_jets","LG",62
2010,"new_york_jets","LOLB",75
2010,"new_york_jets","LOLB",70
2010,"new_york_jets","LT",80
2010,"new_york_jets","LT",56
2010,"new_york_jets","MLB",90
2010,"new_york_jets","MLB",74
2010,"new_york_jets","MLB",61
2010,"new_york_jets","MLB",55
2010,"new_york_jets","P",38
2010,"new_york_jets","QB",78
2010,"new_york_jets","QB",69
2010,"new_york_jets","QB",42
2010,"new_york_jets","RE",72
2010,"new_york_jets","RG",81
2010,"new_york_jets","RG",67
2010,"new_york_jets","ROLB",82
2010,"new_york_jets","ROLB",64
2010,"new_york_jets","RT",85
2010,"new_york_jets","RT",57
2010,"new_york_jets","SS",79
2010,"new_york_jets","SS",67
2010,"new_york_jets","TE",77
2010,"new_york_jets","TE",74
2010,"new_york_jets","TE",46
2010,"new_york_jets","WR",81
2010,"new_york_jets","WR",67
2010,"new_york_jets","WR",66
2010,"new_york_jets","WR",66
2010,"new_york_jets","WR",58
2010,"new_york_jets","WR",53
2010,"oakland_raiders","C",82
2010,"oakland_raiders","C",81
2010,"oakland_raiders","CB",99
2010,"oakland_raiders","CB",80
2010,"oakland_raiders","CB",72
2010,"oakland_raiders","CB",57
2010,"oakland_raiders","CB",47
2010,"oakland_raiders","CB",39
2010,"oakland_raiders","DT",80
2010,"oakland_raiders","DT",68
2010,"oakland_raiders","DT",66
2010,"oakland_raiders","DT",64
2010,"oakland_raiders","DT",59
2010,"oakland_raiders","FB",91
2010,"oakland_raiders","FB",74
2010,"oakland_raiders","FS",71
2010,"oakland_raiders","FS",61
2010,"oakland_raiders","HB",79
2010,"oakland_raiders","HB",79
2010,"oakland_raiders","HB",75
2010,"oakland_raiders","K",73
2010,"oakland_raiders","LE",69
2010,"oakland_raiders","LE",67
2010,"oakland_raiders","LE",64
2010,"oakland_raiders","LG",79
2010,"oakland_raiders","LG",61
2010,"oakland_raiders","LOLB",65
2010,"oakland_raiders","LOLB",58
2010,"oakland_raiders","LT",80
2010,"oakland_raiders","LT",74
2010,"oakland_raiders","MLB",87
2010,"oakland_raiders","MLB",48
2010,"oakland_raiders","P",98
2010,"oakland_raiders","QB",75
2010,"oakland_raiders","QB",72
2010,"oakland_raiders","QB",57
2010,"oakland_raiders","RE",87
2010,"oakland_raiders","RE",57
2010,"oakland_raiders","RG",81
2010,"oakland_raiders","RG",72
2010,"oakland_raiders","ROLB",85
2010,"oakland_raiders","ROLB",45
2010,"oakland_raiders","RT",74
2010,"oakland_raiders","RT",67
2010,"oakland_raiders","SS",71
2010,"oakland_raiders","SS",68
2010,"oakland_raiders","TE",86
2010,"oakland_raiders","TE",69
2010,"oakland_raiders","WR",76
2010,"oakland_raiders","WR",71
2010,"oakland_raiders","WR",71
2010,"oakland_raiders","WR",69
2010,"oakland_raiders","WR",64
2010,"oakland_raiders","WR",50
2010,"philadelphia_eagles","C",84
2010,"philadelphia_eagles","C",65
2010,"philadelphia_eagles","CB",95
2010,"philadelphia_eagles","CB",87
2010,"philadelphia_eagles","CB",83
2010,"philadelphia_eagles","CB",75
2010,"philadelphia_eagles","CB",69
2010,"philadelphia_eagles","CB",53
2010,"philadelphia_eagles","DT",82
2010,"philadelphia_eagles","DT",74
2010,"philadelphia_eagles","DT",70
2010,"philadelphia_eagles","DT",65
2010,"philadelphia_eagles","DT",60
2010,"philadelphia_eagles","FB",82
2010,"philadelphia_eagles","FS",80
2010,"philadelphia_eagles","FS",65
2010,"philadelphia_eagles","HB",94
2010,"philadelphia_eagles","HB",75
2010,"philadelphia_eagles","HB",66
2010,"philadelphia_eagles","K",77
2010,"philadelphia_eagles","LE",80
2010,"philadelphia_eagles","LE",72
2010,"philadelphia_eagles","LE",69
2010,"philadelphia_eagles","LG",87
2010,"philadelphia_eagles","LG",69
2010,"philadelphia_eagles","LOLB",70
2010,"philadelphia_eagles","LOLB",59
2010,"philadelphia_eagles","LT",95
2010,"philadelphia_eagles","LT",66
2010,"philadelphia_eagles","MLB",77
2010,"philadelphia_eagles","MLB",62
2010,"philadelphia_eagles","P",59
2010,"philadelphia_eagles","QB",90
2010,"philadelphia_eagles","QB",68
2010,"philadelphia_eagles","QB",51
2010,"philadelphia_eagles","RE",91
2010,"philadelphia_eagles","RE",78
2010,"philadelphia_eagles","RG",92
2010,"philadelphia_eagles","RG",66
2010,"philadelphia_eagles","ROLB",70
2010,"philadelphia_eagles","ROLB",65
2010,"philadelphia_eagles","RT",87
2010,"philadelphia_eagles","RT",65
2010,"philadelphia_eagles","SS",86
2010,"philadelphia_eagles","SS",67
2010,"philadelphia_eagles","TE",73
2010,"philadelphia_eagles","TE",72
2010,"philadelphia_eagles","TE",63
2010,"philadelphia_eagles","WR",81
2010,"philadelphia_eagles","WR",78
2010,"philadelphia_eagles","WR",76
2010,"philadelphia_eagles","WR",72
2010,"philadelphia_eagles","WR",65
2010,"philadelphia_eagles","WR",64
2010,"pittsburgh_steelers","C",86
2010,"pittsburgh_steelers","C",66
2010,"pittsburgh_steelers","CB",86
2010,"pittsburgh_steelers","CB",82
2010,"pittsburgh_steelers","CB",64
2010,"pittsburgh_steelers","CB",63
2010,"pittsburgh_steelers","CB",61
2010,"pittsburgh_steelers","CB",51
2010,"pittsburgh_steelers","DT",91
2010,"pittsburgh_steelers","DT",74
2010,"pittsburgh_steelers","DT",55
2010,"pittsburgh_steelers","FB",77
2010,"pittsburgh_steelers","FB",54
2010,"pittsburgh_steelers","FS",83
2010,"pittsburgh_steelers","HB",86
2010,"pittsburgh_steelers","HB",73
2010,"pittsburgh_steelers","HB",72
2010,"pittsburgh_steelers","K",76
2010,"pittsburgh_steelers","LE",91
2010,"pittsburgh_steelers","LE",65
2010,"pittsburgh_steelers","LE",50
2010,"pittsburgh_steelers","LG",76
2010,"pittsburgh_steelers","LG",72
2010,"pittsburgh_steelers","LOLB",88
2010,"pittsburgh_steelers","LOLB",59
2010,"pittsburgh_steelers","LT",83
2010,"pittsburgh_steelers","LT",70
2010,"pittsburgh_steelers","MLB",95
2010,"pittsburgh_steelers","MLB",74
2010,"pittsburgh_steelers","MLB",59
2010,"pittsburgh_steelers","P",72
2010,"pittsburgh_steelers","QB",93
2010,"pittsburgh_steelers","QB",67
2010,"pittsburgh_steelers","QB",42
2010,"pittsburgh_steelers","RE",76
2010,"pittsburgh_steelers","RE",75
2010,"pittsburgh_steelers","RE",55
2010,"pittsburgh_steelers","RG",71
2010,"pittsburgh_steelers","RG",70
2010,"pittsburgh_steelers","ROLB",97
2010,"pittsburgh_steelers","ROLB",62
2010,"pittsburgh_steelers","ROLB",62
2010,"pittsburgh_steelers","RT",78
2010,"pittsburgh_steelers","RT",71
2010,"pittsburgh_steelers","SS",99
2010,"pittsburgh_steelers","SS",67
2010,"pittsburgh_steelers","TE",88
2010,"pittsburgh_steelers","TE",68
2010,"pittsburgh_steelers","TE",66
2010,"pittsburgh_steelers","WR",90
2010,"pittsburgh_steelers","WR",86
2010,"pittsburgh_steelers","WR",68
2010,"pittsburgh_steelers","WR",64
2010,"pittsburgh_steelers","WR",57
2010,"san_diego_chargers","C",89
2010,"san_diego_chargers","C",67
2010,"san_diego_chargers","CB",88
2010,"san_diego_chargers","CB",84
2010,"san_diego_chargers","CB",77
2010,"san_diego_chargers","CB",63
2010,"san_diego_chargers","CB",50
2010,"san_diego_chargers","DT",93
2010,"san_diego_chargers","DT",70
2010,"san_diego_chargers","DT",54
2010,"san_diego_chargers","FB",73
2010,"san_diego_chargers","FB",70
2010,"san_diego_chargers","FS",84
2010,"san_diego_chargers","FS",55
2010,"san_diego_chargers","HB",94
2010,"san_diego_chargers","HB",85
2010,"san_diego_chargers","HB",65
2010,"san_diego_chargers","K",91
2010,"san_diego_chargers","LE",73
2010,"san_diego_chargers","LE",61
2010,"san_diego_chargers","LG",92
2010,"san_diego_chargers","LG",68
2010,"san_diego_chargers","LOLB",89
2010,"san_diego_chargers","LOLB",72
2010,"san_diego_chargers","LT",89
2010,"san_diego_chargers","LT",73
2010,"san_diego_chargers","MLB",77
2010,"san_diego_chargers","MLB",70
2010,"san_diego_chargers","MLB",65
2010,"san_diego_chargers","MLB",65
2010,"san_diego_chargers","MLB",61
2010,"san_diego_chargers","P",93
2010,"san_diego_chargers","QB",89
2010,"san_diego_chargers","QB",67
2010,"san_diego_chargers","QB",55
2010,"san_diego_chargers","RE",89
2010,"san_diego_chargers","RE",57
2010,"san_diego_chargers","RG",77
2010,"san_diego_chargers","RG",64
2010,"san_diego_chargers","ROLB",89
2010,"san_diego_chargers","ROLB",72
2010,"san_diego_chargers","RT",76
2010,"san_diego_chargers","RT",59
2010,"san_diego_chargers","SS",71
2010,"san_diego_chargers","SS",66
2010,"san_diego_chargers","TE",95
2010,"san_diego_chargers","TE",73
2010,"san_diego_chargers","TE",71
2010,"san_diego_chargers","WR",84
2010,"san_diego_chargers","WR",78
2010,"san_diego_chargers","WR",73
2010,"san_diego_chargers","WR",68
2010,"san_diego_chargers","WR",64
2010,"san_diego_chargers","WR",58
2010,"san_francisco_49ers","C",77
2010,"san_francisco_49ers","C",70
2010,"san_francisco_49ers","CB",84
2010,"san_francisco_49ers","CB",76
2010,"san_francisco_49ers","CB",67
2010,"san_francisco_49ers","CB",59
2010,"san_francisco_49ers","CB",48
2010,"san_francisco_49ers","DT",80
2010,"san_francisco_49ers","DT",67
2010,"san_francisco_49ers","FB",77
2010,"san_francisco_49ers","FB",62
2010,"san_francisco_49ers","FS",62
2010,"san_francisco_49ers","FS",55
2010,"san_francisco_49ers","HB",91
2010,"san_francisco_49ers","HB",69
2010,"san_francisco_49ers","HB",65
2010,"san_francisco_49ers","K",83
2010,"san_francisco_49ers","LE",68
2010,"san_francisco_49ers","LE",62
2010,"san_francisco_49ers","LE",61
2010,"san_francisco_49ers","LG",77
2010,"san_francisco_49ers","LG",66
2010,"san_francisco_49ers","LOLB",72
2010,"san_francisco_49ers","LOLB",61
2010,"san_francisco_49ers","LT",85
2010,"san_francisco_49ers","LT",76
2010,"san_francisco_49ers","MLB",98
2010,"san_francisco_49ers","MLB",78
2010,"san_francisco_49ers","MLB",70
2010,"san_francisco_49ers","MLB",67
2010,"san_francisco_49ers","P",92
2010,"san_francisco_49ers","QB",69
2010,"san_francisco_49ers","QB",67
2010,"san_francisco_49ers","QB",64
2010,"san_francisco_49ers","QB",58
2010,"san_francisco_49ers","RE",83
2010,"san_francisco_49ers","RE",67
2010,"san_francisco_49ers","RG",80
2010,"san_francisco_49ers","RG",71
2010,"san_francisco_49ers","ROLB",76
2010,"san_francisco_49ers","RT",82
2010,"san_francisco_49ers","RT",74
2010,"san_francisco_49ers","SS",80
2010,"san_francisco_49ers","SS",64
2010,"san_francisco_49ers","TE",78
2010,"san_francisco_49ers","TE",66
2010,"san_francisco_49ers","TE",63
2010,"san_francisco_49ers","WR",84
2010,"san_francisco_49ers","WR",79
2010,"san_francisco_49ers","WR",74
2010,"san_francisco_49ers","WR",72
2010,"san_francisco_49ers","WR",70
2010,"san_francisco_49ers","WR",66
2010,"san_francisco_49ers","WR",62
2010,"seattle_seahawks","C",79
2010,"seattle_seahawks","C",75
2010,"seattle_seahawks","CB",88
2010,"seattle_seahawks","CB",77
2010,"seattle_seahawks","CB",77
2010,"seattle_seahawks","CB",71
2010,"seattle_seahawks","CB",40
2010,"seattle_seahawks","DT",81
2010,"seattle_seahawks","DT",79
2010,"seattle_seahawks","DT",71
2010,"seattle_seahawks","DT",64
2010,"seattle_seahawks","DT",62
2010,"seattle_seahawks","FB",77
2010,"seattle_seahawks","FB",77
2010,"seattle_seahawks","FS",76
2010,"seattle_seahawks","FS",64
2010,"seattle_seahawks","FS",51
2010,"seattle_seahawks","HB",75
2010,"seattle_seahawks","HB",68
2010,"seattle_seahawks","HB",66
2010,"seattle_seahawks","K",77
2010,"seattle_seahawks","LE",93
2010,"seattle_seahawks","LE",62
2010,"seattle_seahawks","LG",88
2010,"seattle_seahawks","LOLB",84
2010,"seattle_seahawks","LOLB",56
2010,"seattle_seahawks","LT",94
2010,"seattle_seahawks","LT",64
2010,"seattle_seahawks","MLB",90
2010,"seattle_seahawks","MLB",60
2010,"seattle_seahawks","P",70
2010,"seattle_seahawks","QB",84
2010,"seattle_seahawks","QB",69
2010,"seattle_seahawks","QB",48
2010,"seattle_seahawks","RE",78
2010,"seattle_seahawks","RE",73
2010,"seattle_seahawks","RG",73
2010,"seattle_seahawks","RG",69
2010,"seattle_seahawks","ROLB",83
2010,"seattle_seahawks","ROLB",66
2010,"seattle_seahawks","ROLB",55
2010,"seattle_seahawks","RT",75
2010,"seattle_seahawks","RT",65
2010,"seattle_seahawks","SS",83
2010,"seattle_seahawks","SS",68
2010,"seattle_seahawks","TE",87
2010,"seattle_seahawks","TE",67
2010,"seattle_seahawks","TE",56
2010,"seattle_seahawks","WR",91
2010,"seattle_seahawks","WR",79
2010,"seattle_seahawks","WR",74
2010,"seattle_seahawks","WR",65
2010,"seattle_seahawks","WR",58
2010,"seattle_seahawks","WR",51
2010,"st._louis_rams","C",90
2010,"st._louis_rams","CB",81
2010,"st._louis_rams","CB",71
2010,"st._louis_rams","CB",63
2010,"st._louis_rams","CB",53
2010,"st._louis_rams","CB",53
2010,"st._louis_rams","DT",82
2010,"st._louis_rams","DT",66
2010,"st._louis_rams","DT",65
2010,"st._louis_rams","DT",53
2010,"st._louis_rams","FB",80
2010,"st._louis_rams","FS",90
2010,"st._louis_rams","FS",55
2010,"st._louis_rams","HB",92
2010,"st._louis_rams","HB",70
2010,"st._louis_rams","HB",66
2010,"st._louis_rams","HB",65
2010,"st._louis_rams","K",92
2010,"st._louis_rams","LE",79
2010,"st._louis_rams","LE",70
2010,"st._louis_rams","LG",86
2010,"st._louis_rams","LG",76
2010,"st._louis_rams","LG",66
2010,"st._louis_rams","LOLB",86
2010,"st._louis_rams","LOLB",64
2010,"st._louis_rams","LT",84
2010,"st._louis_rams","MLB",77
2010,"st._louis_rams","MLB",59
2010,"st._louis_rams","P",87
2010,"st._louis_rams","QB",78
2010,"st._louis_rams","QB",51
2010,"st._louis_rams","QB",50
2010,"st._louis_rams","RE",82
2010,"st._louis_rams","RE",76
2010,"st._louis_rams","RE",59
2010,"st._louis_rams","RG",73
2010,"st._louis_rams","RG",73
2010,"st._louis_rams","ROLB",66
2010,"st._louis_rams","ROLB",65
2010,"st._louis_rams","RT",77
2010,"st._louis_rams","RT",65
2010,"st._louis_rams","SS",80
2010,"st._louis_rams","SS",64
2010,"st._louis_rams","TE",75
2010,"st._louis_rams","TE",72
2010,"st._louis_rams","TE",68
2010,"st._louis_rams","TE",62
2010,"st._louis_rams","WR",75
2010,"st._louis_rams","WR",72
2010,"st._louis_rams","WR",65
2010,"st._louis_rams","WR",62
2010,"st._louis_rams","WR",60
2010,"st._louis_rams","WR",55
2010,"tampa_bay_buccaneers","C",85
2010,"tampa_bay_buccaneers","C",76
2010,"tampa_bay_buccaneers","CB",88
2010,"tampa_bay_buccaneers","CB",82
2010,"tampa_bay_buccaneers","CB",66
2010,"tampa_bay_buccaneers","CB",61
2010,"tampa_bay_buccaneers","CB",60
2010,"tampa_bay_buccaneers","CB",55
2010,"tampa_bay_buccaneers","DT",77
2010,"tampa_bay_buccaneers","DT",72
2010,"tampa_bay_buccaneers","DT",63
2010,"tampa_bay_buccaneers","DT",61
2010,"tampa_bay_buccaneers","FB",80
2010,"tampa_bay_buccaneers","FS",81
2010,"tampa_bay_buccaneers","FS",70
2010,"tampa_bay_buccaneers","HB",84
2010,"tampa_bay_buccaneers","HB",79
2010,"tampa_bay_buccaneers","HB",72
2010,"tampa_bay_buccaneers","HB",67
2010,"tampa_bay_buccaneers","K",78
2010,"tampa_bay_buccaneers","K",68
2010,"tampa_bay_buccaneers","LE",73
2010,"tampa_bay_buccaneers","LE",62
2010,"tampa_bay_buccaneers","LG",83
2010,"tampa_bay_buccaneers","LOLB",73
2010,"tampa_bay_buccaneers","LOLB",61
2010,"tampa_bay_buccaneers","LT",78
2010,"tampa_bay_buccaneers","LT",67
2010,"tampa_bay_buccaneers","MLB",87
2010,"tampa_bay_buccaneers","MLB",63
2010,"tampa_bay_buccaneers","P",83
2010,"tampa_bay_buccaneers","QB",74
2010,"tampa_bay_buccaneers","QB",73
2010,"tampa_bay_buccaneers","QB",70
2010,"tampa_bay_buccaneers","RE",78
2010,"tampa_bay_buccaneers","RE",64
2010,"tampa_bay_buccaneers","RG",93
2010,"tampa_bay_buccaneers","RG",77
2010,"tampa_bay_buccaneers","ROLB",79
2010,"tampa_bay_buccaneers","ROLB",65
2010,"tampa_bay_buccaneers","ROLB",49
2010,"tampa_bay_buccaneers","RT",78
2010,"tampa_bay_buccaneers","RT",62
2010,"tampa_bay_buccaneers","RT",61
2010,"tampa_bay_buccaneers","SS",67
2010,"tampa_bay_buccaneers","SS",62
2010,"tampa_bay_buccaneers","TE",90
2010,"tampa_bay_buccaneers","TE",77
2010,"tampa_bay_buccaneers","TE",70
2010,"tampa_bay_buccaneers","WR",86
2010,"tampa_bay_buccaneers","WR",70
2010,"tampa_bay_buccaneers","WR",62
2010,"tampa_bay_buccaneers","WR",61
2010,"tampa_bay_buccaneers","WR",46
2010,"tennessee_titans","C",95
2010,"tennessee_titans","C",71
2010,"tennessee_titans","CB",92
2010,"tennessee_titans","CB",78
2010,"tennessee_titans","CB",65
2010,"tennessee_titans","CB",64
2010,"tennessee_titans","CB",55
2010,"tennessee_titans","DT",80
2010,"tennessee_titans","DT",79
2010,"tennessee_titans","DT",75
2010,"tennessee_titans","DT",71
2010,"tennessee_titans","FB",86
2010,"tennessee_titans","FS",95
2010,"tennessee_titans","FS",69
2010,"tennessee_titans","HB",88
2010,"tennessee_titans","HB",79
2010,"tennessee_titans","HB",67
2010,"tennessee_titans","HB",63
2010,"tennessee_titans","K",96
2010,"tennessee_titans","LE",79
2010,"tennessee_titans","LE",75
2010,"tennessee_titans","LG",74
2010,"tennessee_titans","LG",62
2010,"tennessee_titans","LOLB",81
2010,"tennessee_titans","LOLB",54
2010,"tennessee_titans","LT",97
2010,"tennessee_titans","LT",70
2010,"tennessee_titans","MLB",73
2010,"tennessee_titans","MLB",64
2010,"tennessee_titans","P",81
2010,"tennessee_titans","QB",79
2010,"tennessee_titans","QB",68
2010,"tennessee_titans","QB",56
2010,"tennessee_titans","RE",87
2010,"tennessee_titans","RE",66
2010,"tennessee_titans","RG",88
2010,"tennessee_titans","RG",57
2010,"tennessee_titans","ROLB",95
2010,"tennessee_titans","ROLB",64
2010,"tennessee_titans","ROLB",60
2010,"tennessee_titans","RT",92
2010,"tennessee_titans","RT",68
2010,"tennessee_titans","SS",92
2010,"tennessee_titans","SS",55
2010,"tennessee_titans","TE",83
2010,"tennessee_titans","TE",77
2010,"tennessee_titans","TE",75
2010,"tennessee_titans","TE",70
2010,"tennessee_titans","WR",77
2010,"tennessee_titans","WR",77
2010,"tennessee_titans","WR",76
2010,"tennessee_titans","WR",57
2010,"tennessee_titans","WR",55
2010,"tennessee_titans","WR",47
2010,"washington_redskins","C",77
2010,"washington_redskins","C",65
2010,"washington_redskins","CB",87
2010,"washington_redskins","CB",79
2010,"washington_redskins","CB",69
2010,"washington_redskins","CB",68
2010,"washington_redskins","CB",54
2010,"washington_redskins","DT",99
2010,"washington_redskins","DT",84
2010,"washington_redskins","DT",69
2010,"washington_redskins","DT",66
2010,"washington_redskins","DT",57
2010,"washington_redskins","FB",89
2010,"washington_redskins","FB",52
2010,"washington_redskins","FS",86
2010,"washington_redskins","FS",65
2010,"washington_redskins","HB",93
2010,"washington_redskins","HB",72
2010,"washington_redskins","HB",68
2010,"washington_redskins","K",52
2010,"washington_redskins","LE",73
2010,"washington_redskins","LE",68
2010,"washington_redskins","LE",61
2010,"washington_redskins","LG",78
2010,"washington_redskins","LG",67
2010,"washington_redskins","LOLB",76
2010,"washington_redskins","LOLB",58
2010,"washington_redskins","LOLB",46
2010,"washington_redskins","LT",93
2010,"washington_redskins","LT",67
2010,"washington_redskins","MLB",89
2010,"washington_redskins","MLB",60
2010,"washington_redskins","P",81
2010,"washington_redskins","QB",77
2010,"washington_redskins","QB",64
2010,"washington_redskins","QB",49
2010,"washington_redskins","RE",84
2010,"washington_redskins","RE",58
2010,"washington_redskins","RG",89
2010,"washington_redskins","RG",68
2010,"washington_redskins","ROLB",77
2010,"washington_redskins","ROLB",60
2010,"washington_redskins","RT",83
2010,"washington_redskins","SS",70
2010,"washington_redskins","SS",63
2010,"washington_redskins","TE",91
2010,"washington_redskins","TE",66
2010,"washington_redskins","TE",63
2010,"washington_redskins","WR",86
2010,"washington_redskins","WR",75
2010,"washington_redskins","WR",66
2010,"washington_redskins","WR",65
2010,"washington_redskins","WR",63
2010,"washington_redskins","WR",63
